ID,Summary,LLM?,Input enhancement?,Prediction engine?,Post-prediction reasoning?,Financial instrument?,Instrument
10.1109/ISCMI63661.2024.10851487,"Compares LSTM, Transformer, and LLMs for daily stock prediction; Transformers lead in accuracy, and cleaned LLM outputs achieve strong RMSE.",✔️,❌,✔️,❌,✔️,Stocks
https://ieeexplore.ieee.org/stamp/stamp.jsp?arnumber=11126558,DRL portfolio optimization for Brazilian assets integrates Gemini-Pro-derived Portuguese news sentiment and fundamentals.,✔️,✔️,❌,✔️,❌,
10.1145/3677052.3698649,"Uses diffusion models to denoise financial time series, improving downstream return-classification and trading efficiency.",❌,❌,❌,❌,✔️,Stocks
10.3390/jrfm18020099,"Assesses ChatGPT-4o for financial data analysis tasks (e.g., ARMA-GARCH), finding broadly comparable performance to traditional software with caveats.",❌,❌,❌,❌,❌,?
10.1007/978-981-19-5845-8_61,"Presents HybridCGAN/HybridACGAN for portfolio analysis, learning trends while modeling uncertainty; improves allocation on US/EU datasets.",❌,❌,❌,❌,❌,
https://ieeexplore.ieee.org/stamp/stamp.jsp?arnumber=11141054,"Applies an Attention-BiGRU model to predict prices for CL=F, DAX, GDAXI, and HSI, achieving low RMSE/MAE across datasets.",❌,❌,❌,❌,✔️,Index & commodity futures
https://ieeexplore.ieee.org/stamp/stamp.jsp?arnumber=11064235,Hybrid GA+LLM (Mixtral 8x7B) recommends profitable prices for agricultural products using real-time market data.,✔️,✔️,❌,✔️,❌,
10.1109/CAIDA51941.2021.9425223,"Performs EDA and proposes a reward-focused loss for ANN-based auto-trading; backtests on equities, oil, and BTC with improved returns.",❌,❌,❌,❌,✔️,"Stocks, Oil, Bitcoin"
10.1109/BigDIA63733.2024.10808510,Uses a wavelet-based GAN to generate synthetic stock-price trends and improve prediction over deep baselines.,❌,❌,❌,❌,✔️,Stocks
10.1109/ICADEIS65852.2025.10933440,Integrates news sentiment with XGBoost to forecast IHSG prices and reports accuracy gains from sentiment features.,?,❌,❌,❌,✔️,Stock index (IHSG)
2-s2.0-105010263013,Systems paper proposing Hierarchically Pruned Attention to speed long-context LLM inference; not a finance application.,❌,❌,❌,❌,❌,?
10.1109/BigDIA60676.2023.10429428,"Proposes a wavelet-based nonlinear OLS method for un-stationary/chaotic stock systems, claiming competitive accuracy with lower cost and better interpretability.",❌,❌,❌,❌,✔️,Stocks
10.11834/jig.230110,"Chinese-language review of ChatGPT covering history, mechanisms, applications, growth, and limitations; no specific financial modeling study.",✔️,❌,❌,❌,❌,
10.1016/j.jfds.2023.100113,Combines generative models of asset returns with portfolio optimization and bandit-style blending; crypto portfolio simulations show outperformance.,❌,❌,❌,❌,✔️,Cryptocurrencies
2-s2.0-84871531453,Forecasts direction-of-change for Australia’s All Ordinaries Index with kernel density estimators emphasizing recent data to avoid overfitting.,❌,❌,❌,❌,✔️,Stock index (All Ordinaries)
10.1016/j.iref.2025.104281,Constructs multimodal (text+image) investor sentiment with RoBERTa and Inception and shows it enhances multifactor stock selection and timing.,✔️,✔️,❌,❌,✔️,Stock
10.1016/j.eswa.2023.119862,"Comprehensive review of social-media sentiment analysis methods, applications, and gaps, noting limited real-world use of large Transformer models to date.",❌,❌,❌,❌,❌,?
10.1016/j.knosys.2022.108712,Proposes a self-regulated GAN combining cooperative networks to reduce stochasticity/overfitting in tweets+price data for stock movement prediction; achieves SOTA on a public set.,❌,❌,❌,❌,✔️,Stocks
10.1080/23322039.2025.2468387,Forecasts NFT prices using autoregression and a transformer time-series model with macro factors; transformers reduce preprocessing burden.,❌,❌,❌,❌,✔️,NFTs (digital assets)
10.1109/CVC65719.2025.00007,"AI Oracle: blockchain-backed oracle system to feed verified data to LLMs/agents; architecture paper, not a price-prediction model.",❌,❌,❌,❌,❌,?
10.3390/jrfm18090475,"Measures systemic risk from coordinated LLM-driven stock-prediction signals across industries and models, proposing governance mechanisms.",✔️,❌,✔️,❌,✔️,Stock
https://ieeexplore.ieee.org/stamp/stamp.jsp?arnumber=11011880,Builds a real-time analysis platform for top NSE-50 equities; LLMs serve the interface while analytics aggregates filings to tick-level updates.,❌,❌,❌,❌,❌,
https://ieeexplore.ieee.org/stamp/stamp.jsp?arnumber=10957017,"Conceptual article on Transformer-based risk assessment in enterprises across domains (compliance, cybersecurity, finance).",?,?,?,?,❌,
WOS:001441835400001,"Presents AT-FinGPT, an audio-text LLM that fuses earnings-call audio and text to improve financial risk prediction over baselines.",✔️,❌,✔️,❌,❌,?
10.1109/ICCCMLA63077.2024.10871633,Adapts BERT-style models to represent numeric stock data and directly predict prices/price movements.,✔️,❌,✔️,❌,✔️,Stocks
https://ieeexplore.ieee.org/stamp/stamp.jsp?arnumber=11073620,PhD work: transformers for sentiment and item classification from news/retail data; sentiment indices show predictive power in downturns.,✔️,✔️,❌,❌,?,?
10.1007/978-3-031-84371-6_3,"GPT-4 generates rationales to explain sequential predictions (incl. financial TS), improving interpretability and sometimes accuracy.",✔️,❌,❌,✔️,❌,?
https://ieeexplore.ieee.org/stamp/stamp.jsp?arnumber=11077509,Compares credibility/impact/detectability of LLM- vs GAN-generated financial headlines; highlights moderation vulnerabilities.,✔️,❌,❌,❌,❌,
10.1109/ACCESS.2025.3568028,Agora is an LLM MoE system with API calls for climate/agriculture Q&A; not a finance price predictor.,❌,❌,❌,❌,❌,?
2-s2.0-85195934691,Releases AlphaFin datasets and a RAG-based Stock-Chain framework enabling LLM-driven stock trend prediction and financial QA with improved analysis.,✔️,✔️,✔️,✔️,✔️,Stocks
10.1007/978-981-19-2456-9_110,"Uses a ConvLSTM+MLP GAN for end-to-end multi-class classification of financial time series (volatility trend), outperforming baselines.",❌,❌,❌,❌,✔️,Stocks
10.1007/s44196-023-00212-x,"ORGAN-FVT, a ConvLSTM+MLP GAN with ordinal regression, improves multi-class volatility trend prediction on MSFT, TSLA, and PICC stocks.",❌,❌,❌,❌,✔️,Stocks
10.1109/ICSCNA58489.2023.10370253,"Builds an LLM-based platform for large-scale Twitter sentiment analysis; discusses downstream uses like predicting sales or returns, but the task is sentiment classification.",✔️,❌,❌,❌,❌,
10.1007/978-3-031-50381-8_72,Uses LSTM on CSI 300 data and a classic moving-average backtest; discusses how LLMs help code scaffolding and risks of using LLM-generated code.,❌,❌,❌,❌,✔️,Stocks
10.1109/ICOCT64433.2025.11118821,"Cryptocurrency analytics using modern DL (e.g., LSTM/GRU/BiLSTM) for price forecasting, fraud detection, sentiment, and risk; improved errors vs baselines.",❌,❌,❌,❌,✔️,Cryptocurrency
https://ieeexplore.ieee.org/stamp/stamp.jsp?arnumber=10647180,GPT-based few-shot approach predicts software issue labels with high precision/recall.,✔️,❌,✔️,❌,❌,
https://ieeexplore.ieee.org/stamp/stamp.jsp?arnumber=10763168,"Surveys AI-based fraud detection in telecommunications, emphasizing the emergence of generative AI tools in combating fraud and improving data security.",✔️,❌,❌,✔️,❌,
10.3390/e27060550,Blends LLM-derived semantic signals with ML across fundamental/technical/entropy frameworks to predict NASDAQ-100 stock returns and build portfolio strategies.,✔️,✔️,❌,❌,✔️,Stock
10.54364/AAIML.2025.52216,Evaluates Lag-Llama vs DeepAR/TFT for Indonesian stocks; Lag-Llama competitive on select groups; not an LLM.,❌,❌,❌,❌,✔️,Stock
10.3905/jfds.2023.1.143,Shows GPT-based headline sentiment can drive stock-return strategies and studies debiasing via anonymization.,✔️,✔️,❌,❌,✔️,Stocks
10.1109/ICCA62237.2024.10927897,Case study on WeWork: derives news sentiment with LLMs and finds a weak positive correlation (~16%) with stock price moves.,✔️,❌,❌,❌,❌,?
10.1145/3652037.3652047,Conceptual assessment of applying NLP/LLM models to stock price prediction and outlining future experiments.,?,?,?,?,?,?
10.1109/ACCAI58221.2023.10200052,Detects lead-lag structures in multivariate equity time series via directed network clustering and evaluates on U.S. equities.,❌,❌,❌,❌,✔️,Stocks
WOS:000280563600008,Introduces hierarchical Bayesian online learning of time-varying hazard rates for change-point detection in streaming data.,❌,❌,❌,❌,❌,
10.1109/TEM.2025.3554567,Analyzes investor emotions from social media for Bitcoin and shows certain emotional states predict better returns.,❌,❌,❌,❌,✔️,Cryptocurrency (Bitcoin)
https://ieeexplore.ieee.org/stamp/stamp.jsp?arnumber=11096317,Fuses context-aware designs and multi-signal integration for Chinese financial sentiment; improves classification and downstream tasks.,✔️,❌,❌,❌,?,?
10.1007/s12144-025-07430-w,Finds investors following ChatGPT advice trade with less disposition bias and perform better in a crypto experiment due to reduced cognitive dissonance.,❌,❌,❌,❌,❌,?
10.22495/rgcv15i2p13,Zero-shot prompts forecast firms’ revenue/net income; explores AI benchmark vs predictive accuracy links and reliability practices.,✔️,❌,✔️,❌,❌,?
10.1093/rof/rfaf015,Shows V-shaped returns around forced CEO turnovers and uses LLM-based disclosure measures to document sequential bad- then good-news releases.,❌,❌,❌,❌,❌,?
2-s2.0-85204009784,"Compares lexicon, ML, and ChatGPT for sentiment on U.S. big/small-cap tweets; Random Forest is most accurate.",❌,❌,❌,❌,❌,
10.1109/ICASSP40776.2020.9053276,"Introduces CORRGAN, a GAN to sample realistic financial correlation matrices reproducing stylized facts for trading/risk applications.",❌,❌,❌,❌,❌,
10.1109/FMLDS63805.2024.00071,"Fine-tunes GPT-3.5-turbo to predict equity option prices, outperforming Black-Scholes on MAE/RMSE.",✔️,❌,✔️,❌,✔️,Stock options
10.18653/v1/2024.findings-acl.233,FAMA uses LLMs with cross-sample selection and chain-of-experience to mine interpretable return factors that improve S&P 500 predictions and simulated performance.,✔️,✔️,❌,✔️,✔️,Stocks
10.1111/1911-3846.13036,"Uses BERT summaries of patent texts to explain valuation and predict future earnings and stock returns, revealing investor underreaction.",✔️,✔️,❌,❌,✔️,Stock
10.1111/jifm.70004,Constructs a carbon-neutrality uncertainty index using ChatGPT-generated keywords; higher sensitivity predicts lower future returns in China.,✔️,✔️,❌,❌,❌,?
10.1002/fut.22568,"Constructs a ChatGPT-based commodity news ratio index that significantly predicts commodity futures index excess returns, outperforming BERT and BoW.",✔️,✔️,❌,❌,✔️,Commodity futures index
10.1016/j.procs.2024.08.258,"Uses ChatGPT to label Bitcoin-news sentiment and feeds it with market factors into a KNN model to predict market risk (VaR), improving accuracy over no-sentiment baselines.",✔️,✔️,❌,❌,❌,Bitcoin
10.1080/12460125.2024.2371670,Simulates auditors’ intent to use ML for stock prediction and finds ChatGPT usage strengthens technology–adoption relationships.,✔️,❌,❌,❌,❌,?
10.1016/j.procs.2024.03.246,Detects fake product reviews with ensemble classifiers; discusses LLM-generated bogus reviews for dataset creation.,✔️,❌,❌,❌,❌,?
10.1109/BigData62323.2024.10825449,Uses retrieval-augmented LLMs (GPT/LLaMA) as the classifier over combined tabular financials and news to predict stock price movement.,✔️,❌,✔️,❌,✔️,Stocks
10.1109/IDCIOT64235.2025.10914764,Survey of financial sentiment analysis comparing BERT/FinBERT/LLMs across datasets with a crypto case study.,❌,❌,❌,❌,❌,
10.1007/978-3-031-96235-6_21,Compares fine-tuned SLM (Phi-2/QLoRA) vs GPT-4 for stock move prediction from news/tweets; fine-tuned SLM slightly wins.,✔️,❌,✔️,❌,✔️,Stock
https://ieeexplore.ieee.org/stamp/stamp.jsp?arnumber=10881868,Benchmarks a specialized LLM (“Quantum”) vs humans and other LLMs for market prediction using news/social sentiment.,✔️,✔️,✔️,✔️,?,?
10.3390/electronics14061090,"Compares GPT-4o and FinBERT for sectoral news sentiment, showing prompt-optimized GPT-4o can outperform FinBERT by up to 10%.",❌,❌,❌,❌,❌,?
10.14569/IJACSA.2025.0160402,Compares vision-instruct LLMs on candlestick images vs vision/numeric models; post-hoc calibrated LLMs achieve competitive stock-move prediction.,✔️,❌,✔️,❌,✔️,Stock
10.1109/InCoWoCo64194.2024.10863422,"Proposes a GAN with GRU generator and CNN discriminator to forecast gold/silver prices on MCX, outperforming LSTM/Bi-LSTM.",❌,❌,❌,❌,✔️,"Commodities (gold, silver)"
10.1145/3383455.3422518,"Forecasts short-term market volatility from news and uses GPT-2 with a constrained beam allocator to generate fluent, human-readable explanations of the predictions.",✔️,❌,❌,✔️,✔️,Equity market volatility
10.1007/s43546-021-00106-0,Generates GPT-2 news to augment limited datasets and builds a model that evaluates news by stock price fluctuation rate to predict/evaluate stock moves; accuracy improves with generated data.,✔️,✔️,❌,❌,✔️,Stocks
10.1109/CSCE60160.2023.00302,Uses table-arrangement techniques and ChatGPT to extract 22 factors from newspaper articles related to stock moves; proposes a scalable pipeline with high extraction accuracy.,✔️,✔️,❌,❌,✔️,Stocks
10.1111/1475-679X.12593,Shows deep interactions between narrative and numeric disclosures greatly increase informativeness for forecasting beliefs/earnings persistence.,❌,❌,❌,❌,❌,
WOS:001563374700001,"Presents Con-SEN, a Longformer-based, regulation-aware sentence-level engine for contract clause, legality, and risk recognition, outperforming general LLMs.",❌,❌,❌,❌,❌,?
https://ieeexplore.ieee.org/stamp/stamp.jsp?arnumber=10458651,Defines corporate event prediction from earnings call summaries and shows raw/fine-tuned LLMs can automate the task effectively.,✔️,❌,❌,❌,❌,
10.1016/j.procs.2025.08.073,Time-series foundation model (transformer-style) with historical simulation improves VaR forecasts for crude oil futures.,?,❌,?,❌,❌,?
https://ieeexplore.ieee.org/stamp/stamp.jsp?arnumber=11181526,"Adapts LLMs (e.g., Llama 3.1) with weighted loss, features, and sentiment for volatile time-series forecasting, outperforming LSTMs and stats models.",✔️,✔️,✔️,❌,?,?
https://ieeexplore.ieee.org/stamp/stamp.jsp?arnumber=10982029,"Dual-prediction crypto model fuses macro fluctuations, sentiment rescaling, and technical indicators for next-day close forecasts.",❌,❌,❌,❌,✔️,Cryptocurrency
WOS:001431695500063,"Develops CryptoTrade, a reflective LLM-based agent integrating on-chain and off-chain data for zero-shot crypto trading; outperforms time-series baselines.",✔️,✔️,✔️,✔️,✔️,Cryptocurrencies
10.3390/ai6050095,Generates long-term stock recommendations; neural nets predict prices while DeepSeek LLM provides XAI narratives and security guidance.,✔️,❌,❌,✔️,✔️,Stock
10.1515/til-2025-0004,"Argues for treating data as infrastructure in digital markets and AI, with policy implications for competition and governance.",❌,❌,❌,❌,❌,?
10.1016/j.inffus.2024.102616,"Survey of neural network methods for stock forecasting (2015–2023), including RNN/CNN/Transformer/GNN/GAN and LLMs, datasets, and metrics.",❌,❌,❌,❌,❌,?
10.1016/j.frl.2025.107472,Measures 10-K risk-factor tone with dictionaries and GPT variants; GPT-4 tone best predicts weekly U.S. index returns.,✔️,✔️,❌,❌,✔️,Stock index
10.1145/3672608.3707874,"Calibrates FX barrier-option models via VAE-GAN augmentation plus neural calibration, accelerating and broadening robust parameter fits.",❌,❌,❌,❌,❌,?
10.1109/MSEC.2024.3385549,Opinion piece on security/privacy implications of generative AI’s rise.,❌,❌,❌,❌,❌,
https://ieeexplore.ieee.org/stamp/stamp.jsp?arnumber=10725472,Llama-2 chatbot for college support also predicts student cut-off marks via classic regressors.,✔️,❌,❌,❌,❌,
10.1007/s11063-025-11787-1,"Combines sentiment features (including LLM-derived) with technical, on-chain, and price data to improve Bitcoin price prediction via LSTM.",✔️,✔️,❌,❌,✔️,Cryptocurrency (Bitcoin)
https://ieeexplore.ieee.org/stamp/stamp.jsp?arnumber=7427326,Uses reinforcement learning to detect negation scopes for financial news sentiment; notes bias when forecasting returns.,❌,❌,❌,❌,❌,
https://ieeexplore.ieee.org/stamp/stamp.jsp?arnumber=10612494,GPT-2 chatbot for college websites also predicts admission cut-offs using classic regressors.,✔️,❌,❌,❌,❌,
10.1016/j.gfj.2025.101151,"Builds geopolitical risk factors and shows threats have stronger predictive links to global stock returns, especially at short horizons.",❌,❌,❌,❌,✔️,Stock
10.1080/23270012.2024.2306929,Shows ChatGPT-derived news sentiment around dividend announcements predicts subsequent market reactions and supports strategy selection.,✔️,✔️,❌,❌,✔️,Stocks
10.1007/s40745-025-00637-5,"Dynamic Bayesian Networks fuse social, market, and technical features to predict crypto directions, outperforming ARIMA/ML/DL/LLM baselines.",❌,❌,❌,❌,✔️,Cryptocurrency
10.1016/j.jedc.2024.104821,Proposes an attention-GRU generative factor model for dynamic CVaR portfolio optimization via simulated returns.,❌,❌,❌,❌,❌,
10.1145/3677052.3698689,ECC Analyzer uses LLMs to extract rich text/audio features from earnings calls; fused features boost volatility prediction.,✔️,✔️,❌,❌,❌,
2-s2.0-85205525479,"Evaluates TextBlob, SVM, Naive Bayes, and ChatGPT for sentiment on NASDAQ-related social media; SVM leads accuracy.",❌,❌,❌,❌,❌,
https://ieeexplore.ieee.org/stamp/stamp.jsp?arnumber=10584081,Deep RL automates elevator equipment calibration; synthetic episodes from a generative simulator enable real-time performance.,❌,❌,❌,❌,❌,
10.2478/mmcks-2024-0008,"Models emoji-based sentiment with GPT-4/BERT and links it to crypto markets, informing strategies that avoid drawdowns.",✔️,✔️,❌,❌,✔️,Cryptocurrencies
10.1016/j.iswa.2025.200496,"Presents a multi-agent, analyst-style LLM framework for earnings-release analysis, improving reasoning quality and price-direction classification.",✔️,❌,✔️,✔️,✔️,Stock
WOS:000873142500002,"Introduces Encoded VaR using variational autoencoders to simulate market scenarios and measure portfolio risk, competitive with standard VaR methods.",❌,❌,❌,❌,❌,
10.1109/HPEC58863.2023.10363573,"Estimates energy usage across computing layers (NLP/AI, scientific computing, crypto mining) and argues for energy-efficiency as a design parameter.",❌,❌,❌,❌,❌,
2-s2.0-85204874765,"Uses LLMs (e.g., OPT, LLAMA) for large-scale financial news sentiment and finds strong return predictability and trading performance from LLM-derived signals.",✔️,✔️,✔️,❌,✔️,Stocks
https://ieeexplore.ieee.org/stamp/stamp.jsp?arnumber=10859808,Introduces optimized MLSTM with improved bacterial foraging and elitist whale optimization for IDX trend prediction on millions of records. Reports gains over baselines.,❌,❌,❌,❌,✔️,Stocks
10.12785/ijcds/1571026011,"Integrates LSTM/Prophet/SARIMAX with LLM-processed social-media sentiment to improve Bitcoin forecasts, with mixed gains across models.",✔️,✔️,❌,❌,✔️,Cryptocurrency (Bitcoin)
10.1007/978-3-031-96235-6_23,"Fine-tuned GPT-4 outperforms FinBERT/BERT/T5/Gemma for crypto sentiment classification; focuses on sentiment, not price prediction.",✔️,✔️,❌,❌,❌,?
10.1109/IDS66066.2025.00016,DeepSeek-V3 prompts generate sentiment signals fed into FinRL; improves RL trading agent performance.,✔️,✔️,❌,❌,✔️,Stock
10.1109/TCSS.2025.3557911,"Bike-sharing inventory optimized via generative-model-informed RL; domain is mobility operations, not financial instruments.",❌,❌,❌,❌,❌,?
10.1145/3708036.3708236,"Distills sentimental and relational knowledge from large models to augment features, boosting CSI300/CSI500 stock prediction accuracy.",✔️,✔️,❌,❌,✔️,Stock
10.1109/ICCA62237.2024.10927923,"Reviews ML for stock prediction and proposes an LLM-based model (e.g., ChatGPT-4o) reporting ~97% accuracy with tunable parameters.",✔️,❌,✔️,❌,✔️,Stocks
10.1109/ACCESS.2024.3350638,"Studies instruction fine-tuning for crypto sentiment classification, reporting large zero-shot gains and tuning insights across model scales.",✔️,❌,❌,❌,❌,?
10.1016/j.knosys.2025.114449,"Improves Time-LLM architectures to forecast highly volatile Bitcoin prices, reporting sizable accuracy gains over SOTA baselines.",✔️,❌,✔️,❌,✔️,Cryptocurrency (Bitcoin)
10.1371/journal.pone.0326034,Uses GPT-4 to filter investor comments and fuses them with prices/technical indicators to improve stock timing performance on Chinese banks.,✔️,✔️,❌,❌,✔️,Stock
10.24136/oc.3109,"Conceptual review on enterprise generative AI, IoT, blockchain, and fintech operations; no concrete price-prediction model.",❌,❌,❌,❌,❌,
10.1109/ICoDSA62899.2024.10652178,"Estimates CCP Value at Risk with a BiGAN, yielding fewer margin-call fluctuations versus standard VaR methods on S&P 500 data.",❌,❌,❌,❌,✔️,Equity index
10.1214/14-AOS1250,"Gives minimax-rate estimators for time changes in noisy Lévy models used in finance, robust to infinite-variation jumps; methodological contribution.",❌,❌,❌,❌,❌,
10.7717/peerj-cs.1377,"Builds a Spanish financial targeted-sentiment corpus and evaluates Spanish LLMs (MarIA, BETO) for target detection and sentiment toward economic entities.",✔️,❌,❌,❌,❌,
10.1007/978-3-031-78541-2_28,Uses LLMs to detect buy/avoid signals in crypto influencers’ and news outlets’ tweets and studies their temporal links to crypto prices.,❌,❌,❌,❌,❌,?
https://ieeexplore.ieee.org/stamp/stamp.jsp?arnumber=10963060,"FN-Agents uses RAG, vector DBs and self-reflection so LLMs build interpretable features and boost exchange-rate volatility prediction.",✔️,✔️,❌,✔️,✔️,Foreign exchange
10.1145/3637528.3671629,"Introduces FNSPID, a large news–price dataset; shows dataset scale and sentiment modestly help transformer models.",❌,❌,❌,❌,❌,
https://ieeexplore.ieee.org/stamp/stamp.jsp?arnumber=11029970,Introduces an EVT-based fairness metric (ECD) and shows tail risks can worsen under some mitigators; proposes an ECD mitigator.,❌,❌,❌,❌,❌,
2-s2.0-85175630767,Profiles cryptocurrency influencers in few-shot settings using transformer models and augments data by prompting ChatGPT; tops a shared task leaderboard.,✔️,✔️,❌,❌,❌,
10.3390/jrfm17120537,"Proposes Fin-ALICE, integrating co-occurrence, supply-chain, and emotion analytics with TCNs; outperforms LSTMs/LLMs baselines in forecasts.",❌,❌,❌,❌,✔️,Stocks
https://ieeexplore.ieee.org/stamp/stamp.jsp?arnumber=11112648,"FinMem is an LLM-based trading agent with profile/memory/decision modules that turns real-time data into trades, outperforming baselines.",✔️,✔️,✔️,✔️,?,?
10.1145/3677052.3698688,"FinVision is a multi-modal, LLM-agent framework for trading that reasons over news and charts with a reflection module to improve decisions.",✔️,✔️,?,✔️,✔️,Stocks
https://ieeexplore.ieee.org/stamp/stamp.jsp?arnumber=10594605,Fine-tunes several models and finds Gemma-7B best for classifying sentiment of financial headlines.,✔️,❌,❌,❌,❌,
10.18653/v1/2024.emnlp-industry.77,Fine-tunes encoder/decoder LLMs and aggregates token embeddings to forecast stock returns; LLM signals strengthen portfolios.,✔️,✔️,❌,❌,✔️,Stocks
10.1016/j.econlet.2025.112511,Shows Indian ‘finfluencer’ recommendations correlate with stock characteristics and predict future returns.,❌,❌,❌,❌,✔️,Stock
10.1145/3583780.3614886,"Proposes CISP, a drift-aware stock predictor inspired by in-context learning with dynamic parameters, outperforming prior methods.",?,?,?,❌,✔️,Stocks
10.1145/3629527.3651419,FootPrinter estimates data-center carbon footprint; unrelated to financial price prediction.,❌,❌,❌,❌,❌,
10.1007/s10614-024-10835-7,Tests ChatGPT-based and news-dictionary sentiment for forecasting Brazil’s Ibovespa; the ChatGPT index does not improve out-of-sample performance.,✔️,✔️,❌,❌,✔️,Stock index
10.1007/978-981-97-0837-6_4,Forecasts Chinese overnight stock index movement from news summaries; fine-tuned smaller models outperform GPT-3.5/4.,✔️,❌,✔️,❌,✔️,Equity index
10.1016/j.procs.2023.01.121,Selects intersection features after hybrid normalization and applies an ANN-based generative model to forecast daily stock movements across six indices.,❌,❌,❌,❌,✔️,Stocks/Indices
10.1109/TBDATA.2019.2941887,Forecasts disaster-time needs using seq2seq LSTMs on weather and social data; improves emergency management planning.,❌,❌,❌,❌,❌,
10.1016/j.eswa.2020.114444,"Combines multi-filter feature selection and a deep generative model with attention to forecast daily stock trends, outperforming baselines.",❌,❌,❌,❌,✔️,Stocks
10.1109/ISCMI63661.2024.10851549,"Fine-tunes GPT-2 to forecast FX direction using prompts augmented with recent trend descriptions, showing empirical effectiveness.",✔️,❌,✔️,❌,✔️,Foreign exchange
10.1007/978-981-96-1758-6_20,Forex prediction combining GPT-4/Gemini zero-shot sentiment with LSTM/XGBoost/Transformer features; XGBoost performs best with integrated sentiment.,✔️,✔️,❌,❌,✔️,Exchange rate
10.1080/14765284.2023.2245279,Reviews generative AI in business/finance and shows ChatGPT-derived environmental sentiment from filings can predict firms’ risk management and stock returns.,✔️,✔️,❌,❌,✔️,Stocks
10.1007/s10844-025-00971-3,"MambaMoE integrates DeepSeek-fine-tuned sentiment with selective state-space modeling, beating LSTM/Transformer on short-term stock prediction.",✔️,✔️,❌,❌,✔️,Stock
WOS:001319989300001,"Generates multi-asset implied volatility surfaces with functional PCA and neural SDEs, yielding realistic, arbitrage-aware scenarios.",❌,❌,❌,❌,❌,
10.1109/ASIANCON62057.2024.10838194,End-to-end framework with an LSTM price-prediction module and a conversational assistant interface for investor guidance.,?,❌,❌,?,✔️,Stocks
10.1109/3DV62453.2024.00058,Presents a controllable GAN-based method for high-fidelity 3D head avatars without expression tracking.,❌,❌,❌,❌,❌,?
10.1109/AiDAS63860.2024.10730589,Presents a GPT-4–powered virtual analyst that reads qualitative sources to score companies and provide investment recommendations with justifications.,✔️,✔️,❌,✔️,❌,?
10.5817/MB2021-2-5,Uses a variational autoencoder with LSTM for genre-specific musical style generation; stock prediction is only mentioned as a general DL application.,❌,❌,❌,❌,❌,
10.1145/3501305,"Surveys generative models (GANs, VAEs, GMMNs) to synthesize realistic financial time series and evaluates with portfolio-trend prediction benchmarks on U.S. stocks.",❌,❌,❌,❌,✔️,Stocks
10.1111/exsy.70018,"Surveys generative AI applications in finance, covering use cases, tools (e.g., BloombergGPT), and challenges such as bias and security.",❌,❌,❌,❌,❌,?
10.1145/3604237.3626884,"Applies conditional VAEs/normalizing flows to learn the joint return distribution of S&P 500 members for synthetic data, risk, and portfolio uses.",❌,❌,❌,❌,✔️,Stocks
10.1007/s11042-021-11670-w,Builds an LSTM-generator/CNN-discriminator GAN for stock index movement; improves direction accuracy and reduces RMSE/time over LSTM alone.,❌,❌,❌,❌,✔️,Stock index
10.24136/oc.3283,"Systematic review of generative AI/IoT/blockchain for fintech risk, credit, and trading automation; descriptive, not a price forecaster.",❌,❌,❌,❌,❌,
10.1016/j.eneco.2019.104624,Shows a text-based geopolitical risk index improves short-term oil futures volatility forecasts within a MIDAS framework; category effects differ by horizon.,❌,❌,❌,❌,✔️,Oil futures (volatility)
https://ieeexplore.ieee.org/stamp/stamp.jsp?arnumber=10808820,"Combines CNNs, LSTMs, and Deep Q-Learning on chart images to predict global stock trends across 31 countries over 12 years, surpassing traditional methods.",❌,❌,❌,❌,✔️,Stocks
10.1109/ISCMI63661.2024.10851691,"Forecasts gold prices under high volatility using LSTM, N-HiTS, and TSMixer, showing gains from including sentiment and related indices like silver.",?,?,❌,❌,✔️,Gold
10.1109/CAI64502.2025.00032,Graph-LLM strategy uses GPT-3 to predict stock-network returns for trading; shows lower volatility and more stable performance.,✔️,❌,✔️,❌,✔️,Stock
10.1145/3701716.3715235,IRFT treats symbolic risk-factor mining as language modeling to generate closed-form intraday factors that improve investment returns and speed.,❌,❌,❌,❌,❌,?
10.1109/DOCS63458.2024.10704454,"Fine-tunes LLMs with QLoRA on earnings-related data to predict post-earnings stock moves, outperforming baselines including GPT-4.",✔️,❌,✔️,❌,✔️,Stocks
10.18653/v1/2023.emnlp-industry.69,"Explores GPT-4 and fine-tuned Open-LLaMA for explainable forecasting of NASDAQ-100 stocks using prices, metadata, and news; LLMs generate decisions and outperform classic baselines.",✔️,✔️,✔️,✔️,✔️,Stocks
10.3390/risks7040111,"Analyzes high-frequency spillovers across Bitcoin exchanges in 2017–2018, identifying leaders/followers in return transmission.",❌,❌,❌,❌,❌,
10.1109/ICASSPW65056.2025.11011079,Hybrid quantum self-attention plus LSTM accelerates and improves financial time-series forecasting; no LLM usage.,❌,❌,❌,❌,✔️,Stock
10.1109/AITest66680.2025.00018,Hybrid LSTM-Transformer with technical indicators and FinBERT sentiment outperforms DL baselines for stock forecasting; GPT mentioned only conceptually.,❌,❌,❌,❌,✔️,Stock
10.1016/j.resourpol.2023.103568,"Studies how geopolitical risk indexes affect volatility of Chinese commodity futures (coal, copper, oil, gold, iron ore) using GARCH/CGARCH/TVP-VAR-SV.",❌,❌,❌,❌,❌,?
10.1016/j.eswa.2025.128676,"Introduces LLM-VaR and LLM-ES, using GPT models in a zero-shot setup to forecast Value at Risk and Expected Shortfall and benchmarked against econometric models.",✔️,❌,✔️,❌,❌,?
10.1109/CNIOT65435.2025.11070984,LLM identifies related stocks/relations from headlines; GAT fuses related-text features to improve stock movement prediction.,✔️,✔️,❌,❌,✔️,Stock
10.3390/computers12050102,Conceptual paper proposing an info-autopoiesis framework to reason about AI/AGI limits and prospects.,❌,❌,❌,❌,❌,?
10.1007/s12530-025-09694-w,"Proposes a GCNN–LSTM for social media information-diffusion popularity plus an LSTM–SVM sentiment module, achieving high accuracy.",❌,❌,❌,❌,❌,?
10.12720/jait.16.1.12-20,Predicts ICO success using social-media data and LLM-based sentiment/metadata analysis across multiple platforms.,✔️,✔️,❌,❌,❌,?
10.3390/bdcc8110143,"Compares FinBERT, GPT-4, and logistic regression for news sentiment and NGX index prediction; LR performs best while GPT-4 shows potential.",✔️,✔️,❌,❌,✔️,Stock index (NGX All-Share)
10.5220/0013191200003890,"Introduces ElliottAgents, a multi-agent LLM system blending Elliott Wave analysis with AI/DRL to recognize patterns and forecast trends.",✔️,?,?,✔️,✔️,Stocks
10.1111/exsy.13681,"Forecasts stock prices with a CGAN whose hyperparameters are tuned by a spotted-hyena optimizer, showing gains over baselines.",❌,❌,❌,❌,✔️,Stock
10.1016/j.frl.2024.106487,Bitcoin strategies compared; a ChatGPT-optimized composite index using indicators and sentiment vastly outperforms XGBoost and Buy&Hold.,✔️,✔️,❌,❌,✔️,Cryptocurrency (Bitcoin)
https://ieeexplore.ieee.org/stamp/stamp.jsp?arnumber=9680204,Uses sequence GANs to model order flow and simulate intra-day price variations reproducing empirical return/volatility features.,❌,❌,❌,❌,✔️,Stocks
10.1080/15427560.2025.2538879,ChatGPT-derived news sentiment around dividend announcements predicts intraday abnormal returns; strongest within first two hours.,✔️,✔️,❌,❌,✔️,Stock
https://ieeexplore.ieee.org/stamp/stamp.jsp?arnumber=6855483,Proposes a generative model and estimation algorithm using graph Laplacians to recover intrinsic graph structures from observed dependencies between nodes.,❌,❌,❌,❌,❌,
https://ieeexplore.ieee.org/stamp/stamp.jsp?arnumber=11167877,InvestED combines LSTM mutual-fund performance prediction with LLM-driven personalized education and gamified tools.,✔️,❌,❌,✔️,✔️,Mutual funds
https://ieeexplore.ieee.org/stamp/stamp.jsp?arnumber=11108638,"Evaluates six LLMs for day-trading prediction using multimodal prompts (prices, news, images), achieving MAPEs as low as ~1.4–1.7% on certain inputs.",✔️,❌,✔️,❌,✔️,Stocks
10.1016/j.eswa.2025.127864,"Surveys 108 works on sentiment-driven stock prediction with ML/DL/LLMs, outlining trends, datasets, and gaps.",❌,❌,❌,❌,❌,?
10.1109/TENSYMP63728.2025.11144933,Graph Transformer predicts S&P 500 stock moves using LLM-generated analyses and FinBERT embeddings fused with numerical data.,✔️,✔️,❌,❌,✔️,Stock
10.3390/math13030487,"Augments a Linear-Transformer+CNN forecaster with LLM-written technical-analysis text embedded by FinBERT, improving stock price predictions.",✔️,✔️,❌,❌,✔️,Stock
10.24425/ijet.2025.153538,"Presents a multi-agent LLM-based investment advisory platform for energy/natural-resources that combines technical, fundamental, sentiment, and stock price prediction analyses.",✔️,?,?,✔️,✔️,Stocks
10.1109/IKT65497.2024.10892779,"Proposes LLM-based feature extraction from financial text plus a self-attention fusion with price data, improving accuracy on Tehran Stock Exchange.",✔️,✔️,❌,❌,✔️,Stocks
2-s2.0-85209671545,Introduces an LLM-driven knowledge enhancement method that injects knowledge triplets into a graph with market indicators to predict securities index trends via a GNN.,✔️,✔️,❌,❌,✔️,Equity index
WOS:001540598500049,"Leverages LLaMA models with news sentiment prompts to forecast stock prices, outperforming ARIMA and earlier LLaMA versions.",✔️,✔️,✔️,❌,✔️,Stocks
10.1016/j.fraope.2025.100359,"Uses GPT-4 to semantically rank features for an XGBoost forecaster of Malaysia’s KLCI, improving accuracy in low-resource settings.",✔️,✔️,❌,❌,✔️,Stock index
https://ieeexplore.ieee.org/stamp/stamp.jsp?arnumber=11143425,"Proposes LLMCatalyst, an incentive mechanism to encourage client participation in distributed foundation model (e.g., GPT-4) training through auction-based payments.",✔️,❌,❌,❌,❌,
10.1109/ISCA59077.2024.00082,"Presents LLMCompass, a hardware evaluation framework for efficient LLM inference; explores cost-performance tradeoffs.",❌,❌,❌,❌,❌,?
10.18653/v1/2024.findings-acl.185,"LLMFactor extracts explanatory market factors via sequential prompting and uses them to predict stock movements from textualized price histories, beating prior methods.",✔️,✔️,✔️,✔️,✔️,Stocks
10.1007/978-3-031-66336-9_31,"Summarizes financial news then performs sentiment (FinBERT, VADER) and fuses with market features into an LGBM to predict multiclass hourly returns; FinBERT outranks GPT-3.5 in importance.",✔️,✔️,❌,❌,✔️,Stocks
https://ieeexplore.ieee.org/stamp/stamp.jsp?arnumber=10569928,Presents an LLM-based dynamic strategy-switching method guided by reinforcement learning to adapt trading strategies to market regimes.,✔️,❌,❌,✔️,❌,
https://ieeexplore.ieee.org/stamp/stamp.jsp?arnumber=10804210,Predicts Australian NEM day-ahead electricity prices by integrating LLM-modeled bidding behavior and sentiment into an enhanced CTSGAN to improve spikes and price accuracy.,✔️,✔️,❌,❌,❌,
10.1021/acs.analchem.4c05046,Demonstrates interactive data analysis of spectroscopy via an LLM on a smartphone for analytical chemistry tasks.,❌,❌,❌,❌,❌,?
10.1109/ACCESS.2024.3445413,Review of LLMs for sentiment analysis with a Bitcoin case study showing modest sentiment–price correlations over longer horizons.,?,❌,❌,❌,❌,?
10.3390/app142411897,Presents ElliottAgents (LLM + DRL + RAG) to identify Elliott waves and improve trend prediction in stocks and crypto with interpretable insights.,✔️,?,?,✔️,✔️,Stocks & cryptocurrencies
10.1109/BigData62323.2024.10824953,Benchmarks pre-trained foundation models (incl. GPT-2-backbone transformers) for time-series forecasting in financial-aid settings with scarce data.,✔️,❌,✔️,❌,❌,
10.3905/jpm.2024.1.645,"A survey of how LLMs are used in finance, covering tasks, methods, datasets, and benchmarks for practitioners and researchers.",❌,❌,❌,❌,❌,?
10.3389/frai.2025.1608365,"Review of LLM applications in equity markets (2022–2025): tasks, methods (prompting, fine-tuning, multi-agent, RL), datasets, gaps, and future directions.",❌,❌,❌,❌,❌,?
10.1007/s10994-022-06250-4,"Detects lead–lag clusters in multivariate systems via directed networks and validates on U.S. equities, illustrating construction of predictive signals.",❌,❌,❌,❌,❌,
10.1109/LSP.2021.3135793,"Introduces StockNF, a normalizing-flow model to jointly learn latent variables from tweets and prices for stock movement prediction, beating prior methods.",❌,❌,❌,❌,✔️,Stocks
10.1016/j.jfds.2025.100152,"Reviews AI in finance, noting that ChatGPT-3.5-extracted news can predict stock market index movements, highlighting risks of AI-induced collusion in trading.",✔️,✔️,✔️,❌,✔️,Stock market index
10.1145/3589334.3645611,"SEP trains a self-reflective LLM that jointly explains and predicts stock movements, outperforming deep-learning baselines.",✔️,❌,✔️,✔️,✔️,Stocks
10.1287/ijoc.2022.0055,LASER forecasts volatility and BEAM (using GPT-2) generates natural-language narratives explaining the predictions.,✔️,❌,❌,✔️,❌,
https://ieeexplore.ieee.org/stamp/stamp.jsp?arnumber=11009071,Forecasts Vietnamese rice export prices with optimized forecasters; LLM-derived sentiment plus macro features boost CatBoost reliability.,✔️,✔️,❌,❌,❌,
WOS:001349725700001,"Uses LLM-assisted active learning to improve sentiment models on Hungarian economic news and nowcast macro indicators like GDP, PMI, and unemployment.",✔️,✔️,❌,❌,❌,
10.1109/CiFer64978.2025.10975739,Uses Llama-3.1 with RAG and fresh fundamentals to construct multi-asset portfolios; RAG-enhanced LLM outperforms vanilla.,✔️,❌,❌,✔️,❌,?
https://ieeexplore.ieee.org/stamp/stamp.jsp?arnumber=10825362,Explores LLMs (with persona ensembles) to predict price movements for stock and bond portfolios from macro indicators; LLM-based strategies beat buy-and-hold in high-CPI periods.,✔️,❌,✔️,❌,✔️,Stocks & bonds
10.1109/ICDMW65004.2024.00019,Fuses LLM-derived news sentiment with quantitative features to improve valuation of short-dated stock options for NIFTY-50 names.,✔️,✔️,❌,❌,✔️,Stock options
10.1007/s10791-025-09573-7,Proposes knowledge-enhanced prompting (DK-CoT) to improve LLM-based financial news sentiment classification versus prior methods.,✔️,✔️,❌,❌,❌,?
10.1109/CSICC65765.2025.10967454,"LoopGAN (CGAN/LSGAN) with recursive feedback achieves low MAPE on DJIA multi-step forecasts, beating LSTM/RNN.",❌,❌,❌,❌,✔️,Stock
10.1016/j.comnet.2025.111508,"Introduces MGGPT, blending GATs with GPT-style transformers to detect fraud in crypto transaction networks, outperforming dynamic baselines.",✔️,❌,✔️,❌,❌,?
10.1049/icp.2025.2498,Wasserstein GAN with GRU generator and CNN discriminator improves robustness of stock price forecasts across pre/post-COVID regimes.,❌,❌,❌,❌,✔️,Stock
WOS:000488977300003,"Models SP500 index with input-warped Student t-processes to handle non-stationarity and heavy tails, emphasizing uncertainty estimates.",❌,❌,❌,❌,❌,
10.1109/ICAISISAS64483.2025.11051550,Introduces an LLM-based ChatGPT Score to augment A-share stock models; ML (CatBoost/RF) and FF5+ChatGPT Score improve predictions.,✔️,✔️,❌,❌,✔️,Stock
10.1109/HPCA61900.2025.00129,"Hermes offloads cold neurons to NDP-DIMMs to make LLM inference affordable; systems paper, not a finance predictor.",❌,❌,❌,❌,❌,?
10.3390/math13101599,MambaLLM fuses micro-stock SSM encodings with an LLM-interpreted macro index narrative (distilled to embeddings) to predict major U.S. stocks.,✔️,✔️,❌,❌,✔️,Stock
10.1038/s41598-024-68959-7,"Introduces a meta graphical lasso to reveal sparse interactions among latent factors, illustrated with finance and medicine datasets.",❌,❌,❌,❌,❌,
10.1007/s10614-024-10811-1,"Proposes MoF, a background-aware fusion mechanism that combines stock data with event/policy text; MacBERT creates features to improve directional stock forecasts over LSTM baselines.",✔️,✔️,❌,❌,✔️,Stocks
2-s2.0-85195171155,"MANAGER predicts asset movement/volatility from MPC call text, audio, and video using external knowledge and a ChatGLM2 backbone in a cross-modal graph.",✔️,✔️,✔️,❌,✔️,Multiple assets
10.1117/12.3071166,LLaMA-based temporal–text prompt tuning maps stock sequences into LLM space; adapted LLM outperforms mainstream temporal models on NIFTY50.,✔️,❌,✔️,❌,✔️,Stock
10.1007/s10614-024-10668-4,Uses generative diffusion models on stock-chart images to simulate price paths and estimate S&P 500 option prices.,❌,❌,❌,❌,✔️,Option (S&P 500)
2-s2.0-85075285618,"Models S&P 500 evolution with input-warped Student-t processes to handle non-stationarity and heavy tails, emphasizing uncertainty around structural breaks.",❌,❌,❌,❌,✔️,Stock index (S&P 500)
10.1007/s10115-024-02085-8,"Proposes GAN-TrellisNet with rich multi-factor inputs for stock price prediction, outperforming GAN/LSTM baselines.",❌,❌,❌,❌,✔️,Stocks
10.5220/0013174500003890,Combines financial metrics with tweets/news; uses ChatGPT-4o/FinBERT sentiment feeding an LSTM to improve stock price forecasts.,✔️,✔️,❌,❌,✔️,Stocks
10.1007/s00521-025-11432-x,Predicts Bitcoin prices with a multimodal model where GPT-3.5 summarizes news whose embeddings augment price features.,✔️,✔️,❌,❌,✔️,Cryptocurrency (Bitcoin)
10.1145/3677052.3698647,NeuralFactors learns equity factors via deep generative modeling for risk and portfolio tasks with interpretability benefits.,❌,❌,❌,❌,❌,
10.1007/978-3-030-58790-1_7,Builds a news-evaluation model for Japan’s auto industry; augments with GPT-2-generated news and co-occurrence networks to predict stock price fluctuations with higher accuracy.,✔️,✔️,❌,❌,✔️,Stocks
10.1007/978-981-97-5934-7_19,Introduces a DSE-focused dataset and shows BERT-based models beat multiple ML/DL baselines for Dhaka Stock Exchange movement prediction.,✔️,❌,✔️,❌,✔️,Equity index
10.1016/j.techsoc.2024.102454,Survey-based study in Pakistan linking ChatGPT usage dimensions to investors’ decision making with moderation by financial literacy.,❌,❌,❌,❌,❌,
2-s2.0-85178938908,Introduces signature-kernel scoring rules to train Neural SDEs non-adversarially; demonstrates conditional probabilistic forecasts for real forex pairs and other market data.,❌,❌,❌,❌,✔️,Forex
10.1007/s41109-021-00357-8,"Models microscopic dynamics of threaded social-media conversations (crypto, cybersecurity) with a generative model; shows moderate short-term predictive power and long-range limits.",❌,❌,❌,❌,❌,
10.1145/3130800.3130830,Presents an online generative-model personalization method for real-time hand tracking on depth cameras; unrelated to financial prediction.,❌,❌,❌,❌,❌,
10.1145/3724154.3724240,"Integrates uncertainty sentiment with PSO-tuned SVR to forecast stock returns, reducing RMSE/MAE/MAPE.",✔️,✔️,❌,❌,✔️,Stock
WOS:000380809500069,Introduces a generalized passage times (GPT) method to estimate jump-diffusion parameters and compares forecasts on gold share prices.,❌,❌,❌,❌,✔️,Commodity (Gold shares)
10.1080/14697688.2024.2399285,"Proposes Path Shadowing Monte Carlo to predict realized volatility and option smiles using a generative price model, outperforming low-parametric and market quotes on S&P 500 options.",❌,❌,❌,❌,✔️,Equity index options
https://ieeexplore.ieee.org/stamp/stamp.jsp?arnumber=10981791,"Proposes PAFrame to align text and time-series via contrastive learning and prompts, then uses language models with financial indicators for final prediction, outperforming baselines.",✔️,❌,✔️,❌,✔️,Stocks
10.1145/3604237.3626861,Uses textual and contextual earnings-call features (including LLM-derived) with fundamentals/technicals to predict PEAD and improve trading returns.,✔️,✔️,❌,❌,✔️,Stocks
10.1007/978-3-031-97564-6_24,"ChatGPT-annotated Reddit sentiment fine-tunes RoBERTa for GME/AMC; sentiment weakly correlates with price, volume/search trends stronger.",✔️,✔️,❌,❌,✔️,Stock
10.1145/2766462.2767757,"Learns a mixture generative model to infer how pre-search contexts trigger queries, improving intent prediction and auto-completion.",❌,❌,❌,❌,❌,
10.1016/j.econlet.2025.112404,Extracts sentiment from sell-side analyst reports using RoBERTa/FinBERT/GPT and shows it forecasts IBEX-35 constituents’ price trends.,✔️,✔️,❌,❌,✔️,Stock
2-s2.0-85216409938,Fine-tunes GPT-2 with prompt-designed numeric inputs to predict FX rate changes from limit-order data.,✔️,❌,✔️,❌,✔️,Foreign exchange
10.3390/math11132883,"Literature review on price prediction under complexity, highlighting the rise of hybrid/AI approaches and future attention on LLMs.",❌,❌,❌,❌,❌,?
10.1109/SSCI47803.2020.9308192,Uses Bayesian models to quantify short-term price drift after analysts’ recommendation revisions in Hong Kong and derives profitable strategies.,❌,❌,❌,❌,✔️,Stocks
10.1109/ICCSP64183.2025.11088423,"Multimodal framework combining DL with LLM+RAG, real-time sentiment, and technicals to improve stock trend prediction.",✔️,✔️,❌,❌,✔️,Stock
10.18653/v1/2024.findings-emnlp.226,Proposes QUEST for efficient EMTC with quantized/hashed LLM fine-tuning on commodity hardware; not a finance predictor.,❌,❌,❌,❌,❌,
10.1016/j.techfore.2024.123965,Classifies firms’ AI engagement from 10-K filings to build AI stock indices that rival AI-themed ETFs in risk-return performance.,❌,❌,❌,❌,❌,?
10.1142/S1469026825500075,"RAG-LLM and BERT tokenization feed a random multi-hierarchical attention network for sentiment on long reviews; generic SA, not prices.",❌,❌,❌,❌,❌,?
10.1007/978-981-96-4589-3_9,TechGPT (prices) + SentiGPT (text) combine as IntegraGPT; multiple LLMs produce predictions and rationales to address interpretability/bias.,✔️,❌,✔️,✔️,✔️,Stock
10.1016/j.frl.2025.108489,"Applies BERT to measure financial-report readability and shows it predicts firms’ stock price crash risk, especially with entrenched CEOs.",✔️,✔️,❌,❌,❌,?
10.18653/v1/d15-1184,"Combines Gaussian-process regression with generative text models in a Bayesian online change-point detector, improving long-term change prediction for stock prices and movie revenues.",❌,❌,❌,❌,✔️,Stocks
10.1109/CSNT64827.2025.10967744,News-fine-tuned Llama-3.1 produces stock recommendations; a separate forecaster predicts closing prices for prompts; mixed sectoral accuracy.,✔️,❌,❌,✔️,✔️,Stock
https://ieeexplore.ieee.org/stamp/stamp.jsp?arnumber=10963106,Uses RAG-enhanced LLM sentiment from text/images plus transfer learning to build multi-source data for exchange-rate prediction.,✔️,✔️,❌,❌,✔️,Foreign exchange
https://ieeexplore.ieee.org/stamp/stamp.jsp?arnumber=10703702,A retracted paper describing a multivariate time-series framework for identifying lead-lag relationships in equity markets using directed network clustering.,❌,❌,❌,❌,✔️,Equities
10.1016/j.dss.2024.114362,Proposes HD-SURDLM combining multi-source sentiment (Twitter/news) with dynamic models to improve multi-asset return forecasts.,❌,❌,❌,❌,✔️,Stock
https://ieeexplore.ieee.org/stamp/stamp.jsp?arnumber=11066262,"Conceptual framework linking disruptions to technologies (blockchain, digital twins, generative AI, quantum) for OSCM risk.",✔️,❌,❌,❌,❌,
https://ieeexplore.ieee.org/stamp/stamp.jsp?arnumber=9341469,Risk-sensitive control for safe crowd-robot interaction using Trajectron++ trajectory forecasts; not finance-related.,❌,❌,❌,❌,❌,
10.1007/978-3-031-72393-3_5,SARF blends FinGPT-based sentiment with Random Forest to improve stock trend prediction over RF/LSTM baselines.,✔️,✔️,❌,❌,✔️,Stock
10.1109/ICCIMS61672.2024.10690672,"Proposes self-evolving programs combining LLM methods with Quine programs, including a security-oriented Bitcoin case study.",✔️,❌,❌,❌,❌,?
10.1109/CIFER62890.2024.10772910,Builds AMR-based document graphs with finance-domain LLM embeddings and a GNN to predict stock trend directions from long earnings calls.,✔️,✔️,❌,❌,✔️,Stocks
10.3390/bdcc9060162,Shows compact attention-based models (non-LLMs) can perform semantic reasoning over biomedical knowledge bases on modest hardware.,❌,❌,❌,❌,❌,?
10.1007/978-3-031-69982-5_14,"Builds a system that scrapes economic news, performs sentiment analysis, and uses ML to forecast stock movements.",?,?,❌,❌,✔️,Stocks
10.1109/ICDMW65004.2024.00021,Builds a two-stage ChatGPT pipeline on Bloomberg market wraps to form a market sentiment score used to trade the NASDAQ index.,✔️,✔️,❌,❌,✔️,Equity index
10.1016/j.frl.2024.105227,Benchmarks LLMs (OPT/BERT/FinBERT) for news sentiment and shows LLM-driven sentiment predicts stock returns with high Sharpe.,✔️,✔️,❌,❌,✔️,Stocks
10.3389/fbloc.2025.1627769,Cascade classifier using BERT/GPT and GloVe on news headlines predicts within-hour crypto price direction with 79% accuracy.,✔️,❌,✔️,❌,✔️,Cryptocurrency
https://ieeexplore.ieee.org/stamp/stamp.jsp?arnumber=11176580,Presents a Generative-AI-powered finance community with an LSTM advisor (“FinLit”) and budgeting tools; education-oriented.,✔️,❌,❌,✔️,❌,
10.1016/j.egypro.2014.02.176,Uses generative modeling and dynamic simulation for solar/urban planning under densification; not a finance study.,❌,❌,❌,❌,❌,
https://ieeexplore.ieee.org/stamp/stamp.jsp?arnumber=10404041,"Introduces and evaluates a 'solution probing attack' exploiting anonymity in blockchain-based crowdsourcing systems, showing vulnerabilities even with coin mixing defenses.",❌,❌,❌,❌,❌,
10.1109/NYSDS.2019.8909804,Stacks generative and discriminative classifiers with a neural meta-learner to predict cryptocurrency price direction using technical and sentiment indicators.,❌,❌,❌,❌,✔️,Cryptocurrencies
https://ieeexplore.ieee.org/stamp/stamp.jsp?arnumber=11129507,"Builds a framework that aligns tweets with index data, performs zero-shot sentiment, and uses a pretrained time-series model to forecast market trends on major indices.",?,✔️,❌,❌,✔️,Stock indices
10.1007/s10614-025-11024-w,"Survey of stock-market forecasting with emphasis on LLM roles, hybridization, RL, and open challenges.",❌,❌,❌,❌,❌,?
10.1109/ICNSC52481.2021.9702208,"Forecasts multi-asset stock return scenarios with a conditional flow-based generative model, capturing cross-asset dependencies and improving diversity/accuracy.",❌,❌,❌,❌,✔️,Stocks (multi-asset scenarios)
10.1109/BigData62323.2024.10825946,Compares modern LLMs for news sentiment and shows adding LLM-based sentiment to Informer/Transformer improves stock price prediction.,✔️,✔️,❌,❌,✔️,Stocks
10.1109/SMC52423.2021.9659283,Adds FinBERT sentiment features from news headlines to LSTM intraday price models; FinBERT features significantly improve prediction over price-only baselines.,✔️,✔️,❌,❌,✔️,Stocks
10.1007/978-981-96-6291-3_3,Hybrid deep learning predicts stock prices from multiple feature groups and then uses LLMs to narrate the drivers of the forecasts.,✔️,❌,❌,✔️,✔️,Stock
10.1109/SIU66497.2025.11112242,Multimodal stock prediction where sentiment from FinBERT and ChatGPT-4o augments LSTM; ensembles outperform single LSTM.,✔️,✔️,❌,❌,✔️,Stock
10.1007/978-981-96-6303-3_29,Concept piece on building a trading bot for stock prediction with ML; lacks concrete LLM usage details.,?,?,?,?,❌,?
10.1145/3652037.3652076,Uses a distilled LLM to score emotions in headlines and feeds them to ML classifiers to predict stock price direction.,✔️,✔️,❌,❌,✔️,Stocks
10.1007/978-981-96-7178-6_2,Builds complex-network factors and GPT-KNN sentiment; LSTM with these features improves semiconductor stock trend accuracy.,✔️,✔️,❌,❌,✔️,Stock
WOS:000799454300035,"Uses BERT on financial news to predict stock trends, significantly improving accuracy over baselines.",❌,❌,❌,❌,✔️,Stocks
10.1016/j.eswa.2023.122952,Applies DRAGAN with feature matching to stabilize GAN-based stock forecasting and beat LSTM/GAN variants.,❌,❌,❌,❌,✔️,Stocks
10.1080/14697688.2025.2511115,HMM-WGAN simulates multivariate stock returns reproducing stylized facts and improving VaR estimation; simulator/risk focus.,❌,❌,❌,❌,❌,?
10.1587/transinf.2016IIP0016,"Proposes a generative model of news conditioned on price movement to predict daily stock moves on Nikkei 225 and S&P 500, outperforming SVM/MLP baselines.",❌,❌,❌,❌,✔️,Stocks
2-s2.0-85107149696,"Applies BERT on financial news to predict stock price movements, significantly improving accuracy over baselines.",✔️,❌,✔️,❌,✔️,Stocks
10.1109/ICCIRT59484.2024.10921844,"Describes StockAI, a tool combining classic indicators and ML (e.g., random forests) with a natural-language interface for investor analysis.",❌,❌,❌,❌,✔️,Stocks
10.12720/jait.14.6.1372-1381,"Generates synthetic financial time series via regime clustering and a modified QuantGAN, improving similarity to real data and aiding downstream forecasting.",❌,❌,❌,❌,❌,?
10.1016/j.ribaf.2022.101747,Uses deep generative models to create synthetic data for training trading-signal predictors; improves backtested performance in commodities and FX.,❌,❌,❌,❌,✔️,Commodities & Forex
WOS:001547468700001,TAIL-GAN simulates multi-asset scenarios that preserve tail risk features (VaR/ES) and generalize across datasets.,❌,❌,❌,❌,❌,
10.1109/ICCWAMTIP56608.2022.10016580,"Generates synthetic tabular samples with GANs and trains TabNet for stock return prediction, improving profits on Chinese market data.",❌,❌,❌,❌,✔️,Stocks
10.26615/978-954-452-092-2_114,Analyzes and detects ‘collusion scams’ in YouTube crypto-video comments; shows modern LLMs like ChatGPT can flag scams without training.,✔️,❌,❌,❌,❌,
https://ieeexplore.ieee.org/stamp/stamp.jsp?arnumber=11158803,Reinforcement-enhanced LLM architecture for discovering and explaining temporal patterns; applied to S&P 500 and weather data.,✔️,?,✔️,✔️,?,?
10.1109/CIBCB58642.2024.10702147,Introduces CanPrompt to reduce hallucinations and improve LLM accuracy for cancer-care Q&A tasks.,✔️,❌,❌,❌,❌,?
10.1109/ICADEIS65852.2025.10933431,Uses ChatGPT-derived news sentiment as features in an SVR model to predict the Jakarta Composite Index.,✔️,✔️,❌,❌,✔️,Stock index (JCI)
10.3390/jtaer19010029,Analyzes whether academic publications affect Bitcoin prices; topic models and BERT/Word2Vec show weak influence.,❌,❌,❌,❌,✔️,Cryptocurrency (Bitcoin)
WOS:001509582400001,Links Twitter sentiment and activity to Turkish BIST 30 prices using transformers and ML; tweet volume and positive sentiment help predict stocks.,❌,❌,❌,❌,✔️,Stocks (BIST 30)
10.1145/3696410.3714588,Builds a large-scale system to detect crypto investment scam websites and analyzes their infrastructure and losses.,❌,❌,❌,❌,❌,?
10.1109/ICICYTA64807.2024.10913442,"Integrates ChatGPT-labeled news sentiment into LSTM models to predict Jakarta Composite Index metrics, with sequential sentiment improving accuracy.",✔️,✔️,❌,❌,✔️,Equity index
10.1016/j.ailsci.2022.100031,Perspective on the commoditization of AI for molecule design across industries and future integration with automated pipelines.,❌,❌,❌,❌,❌,
10.1145/3430936,"Argues computing is shifting from general-purpose CPUs to specialized processors (e.g., GPUs) as progress slows; discusses implications for AI and Bitcoin mining.",❌,❌,❌,❌,❌,
10.22059/jcountst.2024.377065.1130,"Review of AI’s impact on diplomacy and society, contrasting practical and generative AI applications and associated risks.",❌,❌,❌,❌,❌,?
10.1016/j.bar.2024.101513,Empirical study of delayed block trades on Gemini’s Bitcoin market showing delayed reporting discourages informed trading and reduces informativeness.,❌,❌,❌,❌,❌,?
10.1186/s40854-025-00789-6,Uses ChatGPT to extract and weight topics from texts to build a sentiment index that boosts exchange-rate forecasting by interval models.,✔️,✔️,❌,❌,✔️,Exchange rate
10.1108/02686900610705037,Event study of how E&Y’s sale of its consulting unit to Cap Gemini affected client firms’ stock prices; finds positive abnormal returns around approval events.,❌,❌,❌,❌,❌,?
10.1080/1369118X.2024.2420021,"Conceptual paper arguing for an environmental/supply-chain view of AI infrastructure and harms, focusing on data centers and extractive asymmetries.",❌,❌,❌,❌,❌,?
2-s2.0-105000488263,"Introduces SPRY, a memory-efficient federated finetuning algorithm for LLMs using forward-mode AD, enabling edge-device finetuning with low memory.",❌,❌,❌,❌,❌,?
10.1007/978-981-96-3725-6_32,Bitcoin price forecasting with ARIMA/LSTM/Prophet; adding volume/sentiment helps; no concrete LLM usage stated.,❌,❌,❌,❌,✔️,Cryptocurrency (Bitcoin)
10.3233/IDA-150770,"Introduces Topic Factor Modelling, a joint generative model linking text themes to equity time-series factors; demonstrates on public equity data.",❌,❌,❌,❌,❌,
WOS:001551945700001,RL framework for energy futures trading that integrates LLM-enabled sentiment/disagreement analysis and connectedness methods; outperforms price-only baselines on WTI.,✔️,✔️,❌,❌,✔️,Crude oil futures
10.1007/978-3-031-84460-7_33,Transformer applied to synthetic OU and S&P 500; shows results for next-move/volatility tasks; not LLM-based.,❌,❌,❌,❌,❌,?
10.1109/DSIT61374.2024.10881129,Compares transformer variants vs LSTM for forecasting metal returns/prices across six metals.,❌,❌,❌,❌,✔️,Commodities (metals)
10.1145/3677052.3698684,"Survey of transformers/attention networks in quantitative finance (alpha, risk, portfolio, execution).",❌,❌,❌,❌,❌,
10.1109/CISCT62494.2024.11134255,"Argues generative AI (e.g., GANs) can enhance data quality and LSTM stock forecasting via augmentation and anomaly detection, improving RMSE and R².",❌,❌,❌,❌,✔️,Stocks
WOS:001221698100004,Evaluates zero-shot ChatGPT-3.5 for forex-news sentiment; ChatGPT beats FinBERT and correlates better with returns.,✔️,✔️,❌,❌,❌,?
https://ieeexplore.ieee.org/stamp/stamp.jsp?arnumber=10447993,TrendTrader uses an LLM for news sentiment and trend heuristics within an RL portfolio manager to enhance stability and returns.,✔️,✔️,❌,✔️,❌,
10.1007/s11156-025-01437-x,ChatGPT assesses severe-weather text to forecast stock return impacts; signals improve cross-sectional return prediction in certain regimes.,✔️,✔️,❌,❌,✔️,Stock
10.3905/jpm.2025.1.710,LLM-extracted ESG/geopolitical/supply-chain risks with financials in an LSTM improve firm-specific volatility forecasts.,✔️,✔️,❌,❌,❌,?
10.1038/s41467-025-61292-1,"Generates synthetic musculoskeletal gaits to pre-train models for healthcare gait analysis, improving generalization across settings.",❌,❌,❌,❌,❌,?
10.1007/s12525-025-00815-6,Extracts explicit buy/sell ‘crowd’ signals from social media with LLM-based NLP and shows they predict short-term cryptocurrency moves and enable profitable strategies.,✔️,✔️,❌,❌,✔️,Cryptocurrency
