Article ID,DB ID,Article title,Author name,Author affiliation (raw),Author country,Author faculty 1,Full University Information 1,Author faculty 2,Full University Information 2,Author faculty 3,Full University Information 3
0,10.1109/ISCMI63661.2024.10851487,A Comparative Study of Sequential Deep Learning Models in Financial Time Series Forecasting,https://ieeexplore.ieee.org/author/393631308948013ingxing Fang,"Fang, Jingxing,",,Independent Researcher,Independent Researcher,,,,
0,10.1109/ISCMI63661.2024.10851487,A Comparative Study of Sequential Deep Learning Models in Financial Time Series Forecasting,Zhaomin Xiao,"Xiao, Zhaomin, University of North Texas, Denton, United States",United States,Department of Computer Science,"Department of Computer Science, University of North Texas",,,,
0,10.1109/ISCMI63661.2024.10851487,A Comparative Study of Sequential Deep Learning Models in Financial Time Series Forecasting,Yingyi Wu,"Wu, Yingyi, Meta, Meta, United States",United States,Meta,Meta,,,,
0,10.1109/ISCMI63661.2024.10851487,A Comparative Study of Sequential Deep Learning Models in Financial Time Series Forecasting,Jinran Zhang,"Zhang, Jinran, Taylor University, Upland, United States",United States,Department of Electrical Engineering,"Department of Electrical Engineering, Taylor University",,,,
0,10.1109/ISCMI63661.2024.10851487,A Comparative Study of Sequential Deep Learning Models in Financial Time Series Forecasting,Zhuoer Xu,"Xu, Zhuoer, Hewlett Packard Enterprise, Palo Alto, United States",United States,Hewlett Packard Enterprise,Hewlett Packard Enterprise,,,,
0,10.1109/ISCMI63661.2024.10851487,A Comparative Study of Sequential Deep Learning Models in Financial Time Series Forecasting,Zhelu Mai,"Mai, Zhelu, I-66 Express Mobility Partners, Manassas, United States",United States,Express Mobility Partners,Express Mobility Partners,,,,
23,WOS:001441835400001,AT-FinGPT: Financial risk prediction via an audio-text large language model,Yingnan Liu,,China,School of Business,"School of Business, Ningbo University",,,,
23,WOS:001441835400001,AT-FinGPT: Financial risk prediction via an audio-text large language model,Ningbo Bu,,China,Laboratory of Robotics and Intelligent Manufacturing Equipment Technology,"Laboratory of Robotics and Intelligent Manufacturing Equipment Technology, Ningbo Institute of Materials Technology and Engineering",,,,
23,WOS:001441835400001,AT-FinGPT: Financial risk prediction via an audio-text large language model,Zhiqiang Li,,China,Laboratory of Robotics and Intelligent Manufacturing Equipment Technology,"Laboratory of Robotics and Intelligent Manufacturing Equipment Technology, Ningbo Institute of Materials Technology and Engineering",,,,
23,WOS:001441835400001,AT-FinGPT: Financial risk prediction via an audio-text large language model,Yongmin Zhang,,China,School of Business,"School of Business, Ningbo University",,,,
23,WOS:001441835400001,AT-FinGPT: Financial risk prediction via an audio-text large language model,Zhenyu Zhao,,China,School of Law,"School of Law, Ningbo University",,,,
38,10.54364/AAIML.2025.52216,Assessing Lag-Llama in Probabilistic Time Series Forecasting for the Indonesian Stock Market,Arbi Haza Nasution,"Nasution, Arbi Haza, Department of Informatics Engineering, Universitas Islam Riau, Pekanbaru, Indonesia",Indonesia,Department of Informatics Engineering,"Department of Informatics Engineering, Universitas Islam Riau",,,,
38,10.54364/AAIML.2025.52216,Assessing Lag-Llama in Probabilistic Time Series Forecasting for the Indonesian Stock Market,Anggi Hanafiah,"Hanafiah, Anggi, Department of Informatics Engineering, Universitas Islam Riau, Pekanbaru, Indonesia",Indonesia,Department of Informatics Engineering,"Department of Informatics Engineering, Universitas Islam Riau",,,,
38,10.54364/AAIML.2025.52216,Assessing Lag-Llama in Probabilistic Time Series Forecasting for the Indonesian Stock Market,Winda Monika,"Monika, Winda, Department of Library Science, Universitas Lancang Kuning, Riau, Indonesia",Indonesia,Department of Library Science,"Department of Library Science, Universitas Lancang Kuning",,,,
38,10.54364/AAIML.2025.52216,Assessing Lag-Llama in Probabilistic Time Series Forecasting for the Indonesian Stock Market,Rajalingam Sokkalingam,"Sokkalingam, Rajalingam Al, Department of Fundamental and Applied Sciences, Universiti Teknologi PETRONAS, Seri Iskandar, Malaysia",Malaysia,Fundamental and Applied Science Department,"Fundamental and Applied Science Department, Universiti Teknologi PETRONAS",,,,
38,10.54364/AAIML.2025.52216,Assessing Lag-Llama in Probabilistic Time Series Forecasting for the Indonesian Stock Market,Mohd Sham Mohamad,"Mohamad, Mohd Sham, Centre for Mathematical Sciences, Universiti Malaysia Pahang Al-Sultan Abdullah, Pekan, Malaysia",Malaysia,Centre for Mathematical Sciences,"Centre for Mathematical Sciences, Universiti Malaysia Pahang Al-Sultan Abdullah (UMPSA)",,,,
38,10.54364/AAIML.2025.52216,Assessing Lag-Llama in Probabilistic Time Series Forecasting for the Indonesian Stock Market,Andry Alamsyah,"Alamsyah, Andry, School of Economics and Business, Telkom University, Bandung, Indonesia",Indonesia,School of Economic and Business,"School of Economics and Business, Telkom University",,,,
39,10.3905/jfds.2023.1.143,Assessing Look-Ahead Bias in Stock Return Predictions Generated by GPT Sentiment Analysis,Paul Glasserman,"Glasserman, Paul, Columbia Business School, New York, United States",United States,"Decision, Risk, and Operations","Decision, Risk, and Operations Division, Columbia Business School",,,,
39,10.3905/jfds.2023.1.143,Assessing Look-Ahead Bias in Stock Return Predictions Generated by GPT Sentiment Analysis,Caden Lin,"Lin, Caden, Department of Mathematics, Columbia University, New York, United States",United States,Department of Mathematics,"Department of Mathematics, Columbia University",,,,
40,10.1109/ICCA62237.2024.10927897,Assessing the Correlation Between News Sentiment and Stock Price Movements: A Case Study of 'WeWork' Using Advanced NLP Techniques,Hamda Saeed Binhamdan Al Nahyan,"Al Nahyan, Hamda Saeed Binhamdan, College of Technological Innovation, Zayed University, Dubai, United Arab Emirates",United Arab Emirates,College of Technological Innovation,"College of Technological Innovation, Zayed University, Abu Dhabi",,,,
40,10.1109/ICCA62237.2024.10927897,Assessing the Correlation Between News Sentiment and Stock Price Movements: A Case Study of 'WeWork' Using Advanced NLP Techniques,Ahmed H. Shuhaiber,"Shuhaiber, Ahmed H., College of Technological Innovation, Zayed University, Dubai, United Arab Emirates",United Arab Emirates,College of Technological Innovation,"College of Technological Innovation, Zayed University, Abu Dhabi",,,,
45,https://ieeexplore.ieee.org/stamp/stamp.jsp?arnumber=11096317,Beyond Single-Text Analysis: A Holistic Approach to Chinese Financial Sentiment,Mingfei Zhang,"School of Economics and Management, Beijing University of Posts and Telecommunications, Beijing, China",China,School of Economics and Management,"School of Economics and Management, Beijing University of Posts and Telecommunications",,,,
45,https://ieeexplore.ieee.org/stamp/stamp.jsp?arnumber=11096317,Beyond Single-Text Analysis: A Holistic Approach to Chinese Financial Sentiment,Chengze Du,"School of Cyberspace Security, Beijing University of Posts and Telecommunications, Beijing, China",China,School of Cyberspace Security,"School of Cyberspace Security, Beijing University of Posts and Telecommunications",,,,
49,2-s2.0-85204009784,"COMPARISON OF LEXICON-BASED METHOD, MACHINE LEARNING AND CHATGPT ON SENTIMENT ANALYSIS OF BIG CAP AND SMALL CAP COMPANIES IN UNITED STATE INDEXES",Imran Kamil,"Kamil, Imran, Faculty of Computing and Informatics, Multimedia University, Cyberjaya, Malaysia",Malaysia,Faculty of Computing and Informatics,"Faculty of Computing and Informatics, Multimedia University Selangor",,,,
49,2-s2.0-85204009784,"COMPARISON OF LEXICON-BASED METHOD, MACHINE LEARNING AND CHATGPT ON SENTIMENT ANALYSIS OF BIG CAP AND SMALL CAP COMPANIES IN UNITED STATE INDEXES",Nathar Shah,"Shah, Nathar, Faculty of Computing and Informatics, Multimedia University, Cyberjaya, Malaysia",Malaysia,Faculty of Computing and Informatics,"Faculty of Computing and Informatics, Multimedia University Selangor",,,,
51,10.1109/FMLDS63805.2024.00071,Can GPT Price Options?,Ashish Anil Pawar,"Pawar, Ashish Anil, Khoury College of Computer Sciences, Boston, United States",United States,Khoury College of Computer Sciences,"Khoury College of Computer Sciences, Northeastern University",,,,
51,10.1109/FMLDS63805.2024.00071,Can GPT Price Options?,Divya Chaudhary,"Chaudhary, Divya, Khoury College of Computer Sciences, Boston, United States",United States,Khoury College of Computer Sciences,"Khoury College of Computer Sciences, Northeastern University",,,,
55,10.1002/fut.22568,ChatGPT and Commodity Return,Shen Gao,"Gao, Shen, School of Computer Science and Engineering, University of Electronic Science and Technology of China, Chengdu, China",China,School of Computer Science and Engineering,"School of Computer Science and Engineering, University of Electronic Science and Technology of China",,,,
55,10.1002/fut.22568,ChatGPT and Commodity Return,Shijie Wang,"Wang, Shijie, School of Economics, Shandong University, Jinan, China",China,School of Economics,"School of Economics, Shandong University",,,,
55,10.1002/fut.22568,ChatGPT and Commodity Return,Yuanzhi Wang,"Wang, Yuanzhi, School of Economics, Shandong University, Jinan, China",China,School of Economics,"School of Economics, Shandong University",,,,
55,10.1002/fut.22568,ChatGPT and Commodity Return,Qunzi Zhang,"Zhang, Qunzi, School of Economics, Shandong University, Jinan, China",China,School of Economics,"School of Economics, Shandong University",,,,
56,10.1016/j.procs.2024.08.258,ChatGPT-based Sentiment Analysis and Risk Prediction in the Bitcoin Market,Wentian Kang,"Kang, Wentian, Statistics and Mechanics, Beijing University of Technology, Beijing, China",China,School of Mathematics Statistics and Mechanics,"School of Mathematics Statistics and Mechanics, Beijing University Of Technology",,,,
56,10.1016/j.procs.2024.08.258,ChatGPT-based Sentiment Analysis and Risk Prediction in the Bitcoin Market,Xuan Yuan,"Yuan, Xuan, Statistics and Mechanics, Beijing University of Technology, Beijing, China",China,School of Mathematics Statistics and Mechanics,"School of Mathematics Statistics and Mechanics, Beijing University Of Technology",,,,
56,10.1016/j.procs.2024.08.258,ChatGPT-based Sentiment Analysis and Risk Prediction in the Bitcoin Market,Xiaohan Zhang,"Zhang, Xiaohan, School of Economics and Management, Beijing University of Technology, Beijing, China",China,School of Economics and Management,"School of Economics and Management, Beijing University of Technology",,,,
56,10.1016/j.procs.2024.08.258,ChatGPT-based Sentiment Analysis and Risk Prediction in the Bitcoin Market,Yishan Chen,"Chen, Yishan, School of Economics and Management, Beijing University of Technology, Beijing, China",China,School of Economics and Management,"School of Economics and Management, Beijing University of Technology",,,,
56,10.1016/j.procs.2024.08.258,ChatGPT-based Sentiment Analysis and Risk Prediction in the Bitcoin Market,Jingyu Li,"Li, Jingyu, School of Economics and Management, Beijing University of Technology, Beijing, China",China,School of Economics and Management,"School of Economics and Management, Beijing University of Technology",,,,
59,10.1109/BigData62323.2024.10825449,Combining Financial Data and News Articles for Stock Price Movement Prediction Using Large Language Models,Ali Elahi,"Elahi, Ali, College of Engineering, Chicago, United States",United States,Department of Computer Science,"Department of Computer Science University, Illinois Chicago",,,,
59,10.1109/BigData62323.2024.10825449,Combining Financial Data and News Articles for Stock Price Movement Prediction Using Large Language Models,Fatemeh Taghvaei,"Taghvaei, Fatemeh, College of Engineering, Chicago, United States",United States,Department of Electrical and Computer Engineering,"Department of Electrical and Computer Engineering, University of Illinois Chicago",,,,
61,10.1007/978-3-031-96235-6_21,Comparative Analysis and Evaluation of SLMs and LLMs for Stock Price Movement Prediction,Koen van der Leij,"van der Leij, Koen, Tilburg University, Tilburg, Netherlands",Netherlands,Academy of Data Science,"Jheronimus Academy of Data Science, Tilburg University",,,,
61,10.1007/978-3-031-96235-6_21,Comparative Analysis and Evaluation of SLMs and LLMs for Stock Price Movement Prediction,George Manias,"Manias, George, Tilburg University, Tilburg, Netherlands",Netherlands,Academy of Data Science,"Jheronimus Academy of Data Science, Tilburg University",,,,
61,10.1007/978-3-031-96235-6_21,Comparative Analysis and Evaluation of SLMs and LLMs for Stock Price Movement Prediction,Yik Kiu Leung,"Leung, Yikkiu, Tilburg University, Tilburg, Netherlands",Netherlands,Academy of Data Science,"Jheronimus Academy of Data Science, Tilburg University",,,,
61,10.1007/978-3-031-96235-6_21,Comparative Analysis and Evaluation of SLMs and LLMs for Stock Price Movement Prediction,Willem-Jan Van den Heuvel,"Van den Heuvel, W. J., Tilburg University, Tilburg, Netherlands",Netherlands,Academy of Data Science,"Jheronimus Academy of Data Science, Tilburg University",,,,
65,10.14569/IJACSA.2025.0160402,"Comparing Vision-Instruct LLMs, Vision-Based Deep Learning, and Numeric Models for Stock Movement Prediction",Qizhao Chen,"Chen, Qizhao, Graduate School of Information Science, University of Hyogo, Kobe, Japan",Japan,School of Information Science,"Graduate School of Information Science, University of Hyogo",,,,
74,https://ieeexplore.ieee.org/stamp/stamp.jsp?arnumber=11181526,CryptexLLM: How LLM Generalizability Forecasts High Volatility,Logan Rao,"Department of Computer Science, Illinois Institute of Technology, Chicago, USA",United States,Department of Computer Science,"Department of Computer Science, Illinois Institute of Technology,",,,,
74,https://ieeexplore.ieee.org/stamp/stamp.jsp?arnumber=11181526,CryptexLLM: How LLM Generalizability Forecasts High Volatility,Mary Tsaryk,"Department of Computer Science, Fordham University, New York City, USA",United States,Department of Computer Science,"Department of Computer Science, Illinois Institute of Technology,",,,,
74,https://ieeexplore.ieee.org/stamp/stamp.jsp?arnumber=11181526,CryptexLLM: How LLM Generalizability Forecasts High Volatility,Anwar Benhnini,"Department of Computer Science, Illinois Institute of Technology, Chicago, USA",United States,Department of Computer Science,"Department of Computer Science, Illinois Institute of Technology,",,,,
74,https://ieeexplore.ieee.org/stamp/stamp.jsp?arnumber=11181526,CryptexLLM: How LLM Generalizability Forecasts High Volatility,Ioan Raicu,"Department of Computer Science, Illinois Institute of Technology, Chicago, USA",United States,Department of Computer Science,"Department of Computer Science, Illinois Institute of Technology,",,,,
75,https://ieeexplore.ieee.org/stamp/stamp.jsp?arnumber=10982029,CryptoPulse: Short-Term Cryptocurrency Forecasting with Dual-Prediction and Cross-Correlated Market Indicators,Amit Kumar,"College of Engineering and Computer Science, Texas A&M University-Corpus Christi",United States,College of Engineering and Computer Science,"College of Engineering and Computer Science, Texas A&M University-Corpus Christi",,,,
75,https://ieeexplore.ieee.org/stamp/stamp.jsp?arnumber=10982029,CryptoPulse: Short-Term Cryptocurrency Forecasting with Dual-Prediction and Cross-Correlated Market Indicators,Taoran Ji,"College of Engineering and Computer Science, Texas A&M University-Corpus Christi",United States,College of Engineering and Computer Science,"College of Engineering and Computer Science, Texas A&M University-Corpus Christi",,,,
76,WOS:001431695500063,CryptoTrade: A Reflective LLM-based Agent to Guide Zero-shot Cryptocurrency Trading,Yuan Li,National University of Singapore,Singapore,School of Computing,"School of Computing, National University of Singapore",,,,
76,WOS:001431695500063,CryptoTrade: A Reflective LLM-based Agent to Guide Zero-shot Cryptocurrency Trading,Bingqiao Luo,,Singapore,School of Computing,"School of Computing, National University of Singapore",,,,
76,WOS:001431695500063,CryptoTrade: A Reflective LLM-based Agent to Guide Zero-shot Cryptocurrency Trading,Qian Wang,,Singapore,Department of Computer Science,"Department of Computer Science, National University of Singapore",,,,
76,WOS:001431695500063,CryptoTrade: A Reflective LLM-based Agent to Guide Zero-shot Cryptocurrency Trading,Nuo Chen,,Singapore,School of Computing,"School of Computing, National University of Singapore",,,,
76,WOS:001431695500063,CryptoTrade: A Reflective LLM-based Agent to Guide Zero-shot Cryptocurrency Trading,Xu Liu,,Singapore,School of Computing,"School of Computing, National University of Singapore",,,,
76,WOS:001431695500063,CryptoTrade: A Reflective LLM-based Agent to Guide Zero-shot Cryptocurrency Trading,Bingsheng He,,Singapore,School of Computing,"School of Computing, National University of Singapore",,,,
80,10.1016/j.frl.2025.107472,Decoding risk sentiment in 10-K filings: Predictability for U.S. stock indices,Nicolás Magner,"Magner, Nicolás S., Department of Economics, Universidad Diego Portales, Santiago, Chile",Chile,Faculty of Management and Economics,"Department of Economics, Faculty of Management and Economics, Diego Portales University",,,,
80,10.1016/j.frl.2025.107472,Decoding risk sentiment in 10-K filings: Predictability for U.S. stock indices,Pablo A. Henríquez,"Henríquez, Pablo A., Departamento de Administración, Universidad Diego Portales, Santiago, Chile",Chile,Faculty of Management and Economics,"Department of Economics, Faculty of Management and Economics, Diego Portales University",,,,
80,10.1016/j.frl.2025.107472,Decoding risk sentiment in 10-K filings: Predictability for U.S. stock indices,Aliro Sanhueza,"Sanhueza, Aliro, Departamento de Administración, Universidad Diego Portales, Santiago, Chile",Chile,Faculty of Management and Economics,"Department of Economics, Faculty of Management and Economics, Diego Portales University",,,,
84,10.1007/s11063-025-11787-1,Detecting Bitcoin Sentiment: Leveraging Language Model Applications in Sentiment Analysis for Bitcoin Price Prediction,Hae-Sun Jung,"Jung, Hae-sun, Graduate School of Convergence Science and Technology, Seoul, South Korea",Korea,Institute of Convergence Technology,"Advanced Institute of Convergence Technology, Seoul National University",,,,
84,10.1007/s11063-025-11787-1,Detecting Bitcoin Sentiment: Leveraging Language Model Applications in Sentiment Analysis for Bitcoin Price Prediction,Haein Lee,"Lee, Haein, Department of Human-Artificial Intelligence Interaction, Sungkyunkwan University, Seoul, South Korea",Korea,Department of Applied Artificial Intelligence/Department of Human-Artificial Intelligence Interaction,"Department of Applied Artificial Intelligence/Department of Human-Artificial Intelligence Interaction, Sungkyunkwan University",,,,
84,10.1007/s11063-025-11787-1,Detecting Bitcoin Sentiment: Leveraging Language Model Applications in Sentiment Analysis for Bitcoin Price Prediction,Jang Hyun Kim,"Kim, Jang Hyun, Department of Human-Artificial Intelligence Interaction, Sungkyunkwan University, Seoul, South Korea",Korea,Department of Interaction Science/Department of Human-Artificial Intelligence Interaction,"Department of Interaction Science/Department of Human-Artificial Intelligence Interaction, Sungkyunkwan University",,,,
91,10.1145/3677052.3698689,ECC Analyzer: Extracting Trading Signal from Earnings Conference Calls using Large Language Model for Stock Volatility Prediction,Yupeng Cao,"Cao, Yupeng, Stevens Institute of Technology, Hoboken, United States",United States,Department of ECE,"ECE Department, Stevens Institute of Technology Hoboken",,,,
91,10.1145/3677052.3698689,ECC Analyzer: Extracting Trading Signal from Earnings Conference Calls using Large Language Model for Stock Volatility Prediction,Zhi Chen,"Chen, Zhi, Stevens Institute of Technology, Hoboken, United States",United States,Depertment of Economics and Finance,"Depertment of Economics and Finance, Stevens Institute of Technology",,,,
91,10.1145/3677052.3698689,ECC Analyzer: Extracting Trading Signal from Earnings Conference Calls using Large Language Model for Stock Volatility Prediction,Qingyun Pei,"Pei, Qingyun, Stevens Institute of Technology, Hoboken, United States",United States,Depertment of Economics and Finance,"Depertment of Economics and Finance, Stevens Institute of Technology",,,,
91,10.1145/3677052.3698689,ECC Analyzer: Extracting Trading Signal from Earnings Conference Calls using Large Language Model for Stock Volatility Prediction,Nathan Lee,"Lee, Nathan, Hunter College, New York, United States",United States,Depertment of Economics and Finance,"Depertment of Economics and Finance, Stevens Institute of Technology",,,,
91,10.1145/3677052.3698689,ECC Analyzer: Extracting Trading Signal from Earnings Conference Calls using Large Language Model for Stock Volatility Prediction,Koduvayur P.Suba Subbalakshmi,"Subbalakshmi, Koduvayur P.Suba, Stevens Institute of Technology, Hoboken, United States",United States,Department of ECE,"ECE Department, Stevens Institute of Technology",,,,
91,10.1145/3677052.3698689,ECC Analyzer: Extracting Trading Signal from Earnings Conference Calls using Large Language Model for Stock Volatility Prediction,Papa Momar Ndiaye,"Ndiaye, Papa Momar, Stevens Institute of Technology, Hoboken, United States",United States,Depertment of Economics and Finance,"Depertment of Economics and Finance, Stevens Institute of Technology",,,,
95,10.1016/j.iswa.2025.200496,Emulating fundamental analysts: Analytical stage-based multi-agent framework enhanced with expert guidance and Preference-Anchored Likelihood Adjustment,Tao Xu,"Xu, Tao, The University of Tokyo, Tokyo, Japan",Japan,Department of Information and Communication Engineering,"Department of Information and Communication Engineering, The University of Tokyo",,,,
95,10.1016/j.iswa.2025.200496,Emulating fundamental analysts: Analytical stage-based multi-agent framework enhanced with expert guidance and Preference-Anchored Likelihood Adjustment,Zhe Piao,"Piao, Zhe, Nomura Holdings, Tokyo, Japan",Japan,Nomura Holdings,Nomura Holdings,,,,
95,10.1016/j.iswa.2025.200496,Emulating fundamental analysts: Analytical stage-based multi-agent framework enhanced with expert guidance and Preference-Anchored Likelihood Adjustment,Tadashi Mukai,"Mukai, Tadashi, Nomura Holdings, Tokyo, Japan",Japan,Nomura Holdings,Nomura Holdings,,,,
95,10.1016/j.iswa.2025.200496,Emulating fundamental analysts: Analytical stage-based multi-agent framework enhanced with expert guidance and Preference-Anchored Likelihood Adjustment,Yuri Murayama,"Murayama, Yuri, The University of Tokyo, Tokyo, Japan",Japan,Department of Information and Communication Engineering,"Department of Information and Communication Engineering, The University of Tokyo",,,,
95,10.1016/j.iswa.2025.200496,Emulating fundamental analysts: Analytical stage-based multi-agent framework enhanced with expert guidance and Preference-Anchored Likelihood Adjustment,Kiyoshi Izumi,"Izumi, Kiyoshi, The University of Tokyo, Tokyo, Japan",Japan,School of Engineering,"School of Engineering, The University of Tokyo",,,,
100,10.12785/ijcds/1571026011,"Enhancing Bitcoin Forecast Accuracy by Integrating AI, Sentiment Analysis, and Financial Models",Mohamad El Abaji,"Abaji, Mohamad El, Department of Mathematics and Computer Science, Lebanese American University, Beirut, Lebanon",Lebanon,Department of Computer Science and Mathematics,"Department of Computer Science and Mathematics, Lebanese American University",,,,
100,10.12785/ijcds/1571026011,"Enhancing Bitcoin Forecast Accuracy by Integrating AI, Sentiment Analysis, and Financial Models",Ramzi A. Haraty,"Haraty, Ramzi A.,",Lebanon,Department of Computer Science and Mathematics,"Department of Computer Science and Mathematics, Lebanese American University",,,,
102,10.1109/IDS66066.2025.00016,Enhancing FinRL Trading Agents with Advance LLM-Processed Financial News: An Improved Approach Using DeepSeek-V3,Satish Chandra,"Chandra, Satish, School of Engineering, Anurag University, Hyderabad, India",India,School of Engineering,"School of Engineering, Anurag University, Hyderabad",,,,
102,10.1109/IDS66066.2025.00016,Enhancing FinRL Trading Agents with Advance LLM-Processed Financial News: An Improved Approach Using DeepSeek-V3,"Balakrishna, G","Balakrishna, G., School of Engineering, Anurag University, Hyderabad, India",India,School of Engineering,"School of Engineering, Anurag University, Hyderabad",,,,
104,10.1145/3708036.3708236,Enhancing Stock Prediction with Sentimental and Relational InformationDistilled from Large Models,Zhipeng Liu,"Liu, Zhipeng, Software College of Northeastern University, Shenyang, China",China,School of Software,"School of Software, Northeastern University",,,,
104,10.1145/3708036.3708236,Enhancing Stock Prediction with Sentimental and Relational InformationDistilled from Large Models,Mingyang Geng,"Geng, Mingyang, Unit 63798, Xichang, China",China,College of Computer Science,"College of Computer Science, National University of Defense Technology China",,,,
104,10.1145/3708036.3708236,Enhancing Stock Prediction with Sentimental and Relational InformationDistilled from Large Models,Ying Li,"Li, Ying, Software College of Northeastern University, Shenyang, China",China,School of Software,"School of Software, Northeastern University, Shenyang",,,,
104,10.1145/3708036.3708236,Enhancing Stock Prediction with Sentimental and Relational InformationDistilled from Large Models,Peibo Duan,"Duan, Peibo, Software College of Northeastern University, Shenyang, China",China,School of Software,"School of Software, Northeastern University, Shenyang",,,,
104,10.1145/3708036.3708236,Enhancing Stock Prediction with Sentimental and Relational InformationDistilled from Large Models,Xiaosha Xue,"Xue, Xiaosha, Software College of Northeastern University, Shenyang, China",China,School of Software,"School of Software, Northeastern University, Shenyang",,,,
104,10.1145/3708036.3708236,Enhancing Stock Prediction with Sentimental and Relational InformationDistilled from Large Models,Bin Zhang,"Zhang, Bin, Software College of Northeastern University, Shenyang, China",China,School of Software,"School of Software, Northeastern University, Shenyang",,,,
105,10.1109/ICCA62237.2024.10927923,Enhancing Stock Price Prediction: A Hybrid Approach Leveraging Large Language Models and Deep Learning,Mohamed Erfan Ahmed,"Ahmed, Mohamed Erfan, Faculty of Engineering Ain Shams University, Cairo, Egypt",Egypt,Faculty of Computers and Information,"Computer Science Department, Faculty of Computers and Information, Sadat Academy for Management Sciences",,,,
105,10.1109/ICCA62237.2024.10927923,Enhancing Stock Price Prediction: A Hybrid Approach Leveraging Large Language Models and Deep Learning,Gamal A. Ebrahim,"Ebrahim, Gamal A., Faculty of Engineering Ain Shams University, Cairo, Egypt",Egypt,Faculty of Computers and Information,"Computer Science Department, Faculty of Computers and Information, Sadat Academy for Management Sciences",,,,
105,10.1109/ICCA62237.2024.10927923,Enhancing Stock Price Prediction: A Hybrid Approach Leveraging Large Language Models and Deep Learning,Marwa A. Abdelaal,"Abdelaal, Marwa A., Department of Computer Science, Faculty of Computers and Information, Cairo, Egypt",Egypt,Faculty of Computers and Information,"Computer Science Department, Faculty of Computers and Information, Sadat Academy for Management Sciences",,,,
107,10.1016/j.knosys.2025.114449,Enhancing large language models for bitcoin time series forecasting,Owen Chaffard,"Chaffard, O., CARDO S.R.L., Milan, Italy, Rheinland-Pfälzische Technische Universität Kaiserslautern-Landau, Kaiserslautern, Germany",Italy," CardoAI"," CardoAI",,,,
107,10.1016/j.knosys.2025.114449,Enhancing large language models for bitcoin time series forecasting,Pablo Mollá,"Mollá, Pablo, Université Paris-Saclay, Gif-sur-Yvette, France",France,Department of Computer Science,"Department of Computer Science, Université Paris Saclay",,,,
107,10.1016/j.knosys.2025.114449,Enhancing large language models for bitcoin time series forecasting,Marc Cavazza,"Cavazza, Marc, University of Stirling, Stirling, United Kingdom",United Kingdom,Department of Computer Science,"Department of Computer Science, The University of Stirling",,,,
107,10.1016/j.knosys.2025.114449,Enhancing large language models for bitcoin time series forecasting,Helmut Prendinger,"Prendinger, Helmut, Research Organization of Information and Systems National Institute of Informatics, Tokyo, Japan",Japan,Department of Computer Science,"Department of Computer Science, National Institute of Informatics",,,,
108,10.1371/journal.pone.0326034,Enhancing stock timing predictions based on multimodal architecture: Leveraging large language models (LLMs) for text quality improvement,Mingming Chen,"Chen, Mingming, Academy of Pharmacy, Xi'an Jiaotong-Liverpool University, Suzhou, China, Waterhouse Building, University of Liverpool, Liverpool, United Kingdom",China,Academy of Pharmacy,"Academy of Pharmacy, Xi’an Jiaotong-Liverpool University",Institute of Population Health,"Institute of Population Health, Faculty of Health & Life Sciences",,
108,10.1371/journal.pone.0326034,Enhancing stock timing predictions based on multimodal architecture: Leveraging large language models (LLMs) for text quality improvement,Yifan Tang,"Tang, Yifan, Academy of Pharmacy, Xi'an Jiaotong-Liverpool University, Suzhou, China",China,Academy of Pharmacy,"Academy of Pharmacy, Xi’an Jiaotong-Liverpool University",,,,
108,10.1371/journal.pone.0326034,Enhancing stock timing predictions based on multimodal architecture: Leveraging large language models (LLMs) for text quality improvement,Qi Qi,"Qi, Qi, Academy of Pharmacy, Xi'an Jiaotong-Liverpool University, Suzhou, China",China,Academy of Pharmacy,"Academy of Pharmacy, Xi’an Jiaotong-Liverpool University",,,,
108,10.1371/journal.pone.0326034,Enhancing stock timing predictions based on multimodal architecture: Leveraging large language models (LLMs) for text quality improvement,Hongyi Dai,"Dai, Hongyi, Faculty of Computing and Data Sciences, Boston University, Boston, United States",United States,Faculty of Computing and Data Sciences,"Faculty of Computing and Data Sciences, Boston University",,,,
108,10.1371/journal.pone.0326034,Enhancing stock timing predictions based on multimodal architecture: Leveraging large language models (LLMs) for text quality improvement,Yi Lin,"Lin, Yi, Academy of Pharmacy, Xi'an Jiaotong-Liverpool University, Suzhou, China",China,Academy of Pharmacy,"Academy of Pharmacy, Xi’an Jiaotong-Liverpool University",,,,
108,10.1371/journal.pone.0326034,Enhancing stock timing predictions based on multimodal architecture: Leveraging large language models (LLMs) for text quality improvement,Chengxiu Ling,"Ling, Chengxiu, Academy of Pharmacy, Xi'an Jiaotong-Liverpool University, Suzhou, China",China,Academy of Pharmacy,"Academy of Pharmacy, Xi’an Jiaotong-Liverpool University",,,,
108,10.1371/journal.pone.0326034,Enhancing stock timing predictions based on multimodal architecture: Leveraging large language models (LLMs) for text quality improvement,Tenglong Li,"Li, Tenglong, Academy of Pharmacy, Xi'an Jiaotong-Liverpool University, Suzhou, China, Waterhouse Building, University of Liverpool, Liverpool, United Kingdom",China,Academy of Pharmacy,"Academy of Pharmacy, Xi’an Jiaotong-Liverpool University",Institute of Population Health,"Institute of Population Health, Faculty of Health & Life Sciences",,
118,10.3390/jrfm17120537,Fin-ALICE: Artificial Linguistic Intelligence Causal Econometrics,Shawn McCarthy,"McCarthy, Shawn, College of Engineering, Design and Computing, Denver, United States",United States,"College of Engineering, Design and Computing","College of Engineering, Design and Computing, University of Colorado Denver",,,,
118,10.3390/jrfm17120537,Fin-ALICE: Artificial Linguistic Intelligence Causal Econometrics,Gita Alaghband,"Alaghband, Gita, College of Engineering, Design and Computing, Denver, United States",United States,"College of Engineering, Design and Computing","College of Engineering, Design and Computing, University of Colorado Denver",,,,
120,10.1145/3677052.3698688,FinVision: A Multi-Agent Framework for Stock Market Prediction,Sorouralsadat Fatemi,"Fatemi, Sorouralsadat, University of Illinois at Chicago, Chicago, United States",United States,Department of Information and Decision Sciences,"Department of Information and Decision Sciences, University of Illinois at Chicago",,,,
120,10.1145/3677052.3698688,FinVision: A Multi-Agent Framework for Stock Market Prediction,Yuheng Hu,"Hu, Yuheng, University of Illinois at Chicago, Chicago, United States",United States,Department of Information and Decision Sciences,"University of Illinois at ChicagoDepartment of Information and Decision Sciences, University of Illinois at Chicago",,,,
122,10.18653/v1/2024.emnlp-industry.77,Fine-Tuning Large Language Models for Stock Return Prediction Using Newsflow,Tian Guo,"Guo, Tian, Systematic Equities Team, Geneva, Switzerland",Switzerland,"Systematic Equities Team
RAM Active Investments","Systematic Equities Team
RAM Active Investments",,,,
122,10.18653/v1/2024.emnlp-industry.77,Fine-Tuning Large Language Models for Stock Return Prediction Using Newsflow,Emmanuel Hauptmann,"Hauptmann, Emmanuel, Systematic Equities Team, Geneva, Switzerland",Switzerland,"Systematic Equities Team
RAM Active Investments","Systematic Equities Team
RAM Active Investments",,,,
126,10.1007/s10614-024-10835-7,"Forecasting Brazilian Stock Market Using Sentiment Indices from Textual Data, Chat-GPT-Based and Technical Indicators",Diego Pitta de Jesus,"Pitta de Jesus, Diego Pitta, Universidade Federal de Pernambuco, Recife, Brazil",Brazil,Department of Economics and Finance,"Department of Economics and Finance, Rural Federal University of Pernambuco",,,,
126,10.1007/s10614-024-10835-7,"Forecasting Brazilian Stock Market Using Sentiment Indices from Textual Data, Chat-GPT-Based and Technical Indicators",Elvira Helena Oliveira de Medeiros,"de Medeiros, Elvira Helena Oliveira, Universidade Federal de Juiz de Fora, Juiz de Fora, Brazil",Brazil,Department of Economics and Finance,"Department of Economics and Finance, Federal University of Juiz de Fora",,,,
126,10.1007/s10614-024-10835-7,"Forecasting Brazilian Stock Market Using Sentiment Indices from Textual Data, Chat-GPT-Based and Technical Indicators",Lucas Lúcio Godeiro,"Godeiro, Lucas Lúcio, Universidade Federal Rural do Semi-Árido, Mossoro, Brazil",Brazil,Department of Economics and Finance,"Department of Economics and Finance, Federal University Rural Semi-Arid",,,,
126,10.1007/s10614-024-10835-7,"Forecasting Brazilian Stock Market Using Sentiment Indices from Textual Data, Chat-GPT-Based and Technical Indicators",Andressa Lemes Proque,"Proque, Andressa Lemes, Universidade Federal de Sao Joao del-Rei, Sao Joao del Rei, Brazil",Brazil,Department of Economics and Finance,"Department of Economics and Finance, Federal University of São João del-Rei",,,,
131,10.1109/ISCMI63661.2024.10851549,Foreign Exchange Rate Forecast by a Large Language Model Integrated with Trend Description,Kexin Peng,"Peng, Kexin, Kyoto Institute of Technology, Kyoto, Japan",Japan,Engineering Design,"Engineering Design, Kyoto Institute of Technology",,,,
131,10.1109/ISCMI63661.2024.10851549,Foreign Exchange Rate Forecast by a Large Language Model Integrated with Trend Description,Hitoshi Iima,"Iima, Hitoshi, Kyoto Institute of Technology, Kyoto, Japan",Japan,Information and Human Sciences,"Information and Human Sciences, Kyoto Institute of Technology",,,,
132,10.1007/978-981-96-1758-6_20,"Forex Price Prediction: A Multi-model Approach Integrating Sentiment Analysis Using LLMs with LSTM, XGBoost, Transformer Models",Yash Dave,"Dave, Yash, Electrical and Applied Technology, UNITEC Institute of Technology, Auckland, New Zealand",New Zealand,School of Computing,"School of Computing, Electrical and Applied Technology, Unitec Institute of Technology",,,,
132,10.1007/978-981-96-1758-6_20,"Forex Price Prediction: A Multi-model Approach Integrating Sentiment Analysis Using LLMs with LSTM, XGBoost, Transformer Models",Soheil Varastehpour,"Varastehpour, Soheil, Electrical and Applied Technology, UNITEC Institute of Technology, Auckland, New Zealand",New Zealand,School of Computing,"School of Computing, Electrical and Applied Technology, Unitec Institute of Technology",,,,
132,10.1007/978-981-96-1758-6_20,"Forex Price Prediction: A Multi-model Approach Integrating Sentiment Analysis Using LLMs with LSTM, XGBoost, Transformer Models",Masoud Shakiba,"Shakiba, Masoud, Electrical and Applied Technology, UNITEC Institute of Technology, Auckland, New Zealand",New Zealand,School of Computing,"School of Computing, Electrical and Applied Technology, Unitec Institute of Technology",,,,
134,10.1007/s10844-025-00971-3,From news to trends: a financial time series forecasting framework with LLM-driven news sentiment analysis and selective state spaces,Renjie Wang,"Wang, Renjie, College of Software, Jilin University, Changchun, China, Jilin University, Changchun, China",China,College of Software,"College of Software, Jilin University",Key Laboratory of Symbolic Computation and Knowledge Engineering of Ministry of Education,"Key Laboratory of Symbolic Computation and Knowledge Engineering of Ministry of Education, Jilin University",,
134,10.1007/s10844-025-00971-3,From news to trends: a financial time series forecasting framework with LLM-driven news sentiment analysis and selective state spaces,Minghui Sun,"Sun, Minghui, College of Computer Science and Technology, Jilin University, Changchun, China, Jilin University, Changchun, China",China,College of Computer Science and Technology,"College of Computer Science and Technology, Jilin University",,,,
134,10.1007/s10844-025-00971-3,From news to trends: a financial time series forecasting framework with LLM-driven news sentiment analysis and selective state spaces,Limin Wang,"Wang, Limin, College of Computer Science and Technology, Jilin University, Changchun, China, Jilin University, Changchun, China",China,College of Computer Science and Technology,"College of Computer Science and Technology, Jilin University",Key Laboratory of Symbolic Computation and Knowledge Engineering of Ministry of Education,"Key Laboratory of Symbolic Computation and Knowledge Engineering of Ministry of Education, Jilin University",,
148,10.1109/CAI64502.2025.00032,Graph LLM-Based Portfolio Management Algorithm,Dayu Qin,"Qin, Dayu, Institute of Data and Information, Tsinghua University, Beijing, China; null, null, Institute of Data and Information, Tsinghua University, Beijing, China, Tsinghua University, Beijing, China; Kuruoǧlu, Ercan Engin, Institute of Data and Information, Tsinghua University, Beijing, China",China,Institute of Data and Information,"Institute of Data and Information, Tsinghua University, Beijing",,,,
148,10.1109/CAI64502.2025.00032,Graph LLM-Based Portfolio Management Algorithm,Ercan E. Kuruoǧlu,"Qin, Dayu, Institute of Data and Information, Tsinghua University, Beijing, China; null, null, Institute of Data and Information, Tsinghua University, Beijing, China, Tsinghua University, Beijing, China; Kuruoǧlu, Ercan Engin, Institute of Data and Information, Tsinghua University, Beijing, China",China,Institute of Data and Information,"Institute of Data and Information, Tsinghua University, Beijing",,,,
148,10.1109/CAI64502.2025.00032,Graph LLM-Based Portfolio Management Algorithm,Yan Yi,"Qin, Dayu, Institute of Data and Information, Tsinghua University, Beijing, China; null, null, Institute of Data and Information, Tsinghua University, Beijing, China, Tsinghua University, Beijing, China; Kuruoǧlu, Ercan Engin, Institute of Data and Information, Tsinghua University, Beijing, China",China,Institute of Data and Information,"Institute of Data and Information, Tsinghua University, Beijing",,,,
151,10.18653/v1/2023.emnlp-industry.69,Harnessing LLMs for Temporal Data - A Study on Explainable Financial Time Series Forecasting,Xinli Yu,"Yu, Xinli,",China,Amazon,Amazon,,,,
151,10.18653/v1/2023.emnlp-industry.69,Harnessing LLMs for Temporal Data - A Study on Explainable Financial Time Series Forecasting,Zheng Chen,"Chen, Zheng,",China,Amazon,Amazon,,,,
151,10.18653/v1/2023.emnlp-industry.69,Harnessing LLMs for Temporal Data - A Study on Explainable Financial Time Series Forecasting,Yanbin Lu,"Lu, Yanbin,",China,Amazon,Amazon,,,,
156,10.1016/j.eswa.2025.128676,In the beginning was the Word: LLM-VaR and LLM-ES,Daniel Traian Pele,"Pele, Daniel Traian, Bucharest University of Economic Studies, Bucharest, Romania, Institute for Economic Forecasting, Academia Româna, Bucharest, Romania",Romania,Department of Statistics and Econometrics,"Department of Statistics and Econometrics, Bucharest University of Economic Studies",Institute for Economic Forecasting,"Institute for Economic Forecasting, Romanian Academy",,
156,10.1016/j.eswa.2025.128676,In the beginning was the Word: LLM-VaR and LLM-ES,Vlad Bolovăneanu,"Bolovăneanu, Vlad, Bucharest University of Economic Studies, Bucharest, Romania",Romania,Department of Economic Informatics and Cybernetics,"Department of Economic Informatics and Cybernetics, Bucharest University of Economic Studies",,,,
156,10.1016/j.eswa.2025.128676,In the beginning was the Word: LLM-VaR and LLM-ES,Minbin Lin,"Lin, Minbin, Bucharest University of Economic Studies, Bucharest, Romania",Romania,Bucharest University of Economic Studies,Bucharest University of Economic Studies,,,,
156,10.1016/j.eswa.2025.128676,In the beginning was the Word: LLM-VaR and LLM-ES,Rui Ren,"Ren, Rui, Bucharest University of Economic Studies, Bucharest, Romania, Universität Augsburg, Augsburg, Germany",Romania,Department of Economics and Finance,"Department of Economics and Finance, Bucharest University of Economic Studies",,,,
156,10.1016/j.eswa.2025.128676,In the beginning was the Word: LLM-VaR and LLM-ES,Andrei Theodor Ginavar,"Ginavar, Andrei Theodor, Bucharest University of Economic Studies, Bucharest, Romania",Romania,Department of Economics and Finance,"Department of Economics and Finance, Bucharest University of Economic Studies",,,,
156,10.1016/j.eswa.2025.128676,In the beginning was the Word: LLM-VaR and LLM-ES,Bruno Spilak,"Spilak, Bruno, Bucharest University of Economic Studies, Bucharest, Romania",Romania,Department of Statistics and Econometrics,"Department of Statistics and Econometrics, Bucharest University of Economic Studies",,,,
156,10.1016/j.eswa.2025.128676,In the beginning was the Word: LLM-VaR and LLM-ES,Alexandru Victor Andrei,"Andrei, Alexandru Victor, Bucharest University of Economic Studies, Bucharest, Romania",Romania,Department of Statistics and Econometrics,"Department of Statistics and Econometrics, Bucharest University of Economic Studies",,,,
156,10.1016/j.eswa.2025.128676,In the beginning was the Word: LLM-VaR and LLM-ES,Filip Mihai Toma,"Toma, Filip Mihai, Bucharest University of Economic Studies, Bucharest, Romania, California Institute of Technology, Pasadena, United States",United States,Department of Economics and Finance,"Department of Economics and Finance, Bucharest University of Economic Studies",,,,
156,10.1016/j.eswa.2025.128676,In the beginning was the Word: LLM-VaR and LLM-ES,Stefan Lessmann,"Lessmann, Stefan, Bucharest University of Economic Studies, Bucharest, Romania, School of Business and Economics, Humboldt-Universität zu Berlin, Berlin, Germany",Germany,Department of Economics and Finance,"Department of Economics and Finance, Bucharest University of Economic Studies",School of Business and Economics,"School of Business and Economics, Humboldt University of Berlin",,
156,10.1016/j.eswa.2025.128676,In the beginning was the Word: LLM-VaR and LLM-ES,Wolfgang Karl Härdle,"Härdle, Wolfgang Karl, Bucharest University of Economic Studies, Bucharest, Romania, School of Business and Economics, Humboldt-Universität zu Berlin, Berlin, Germany, The University of Edinburgh, Edinburgh, United Kingdom, Department of Information Management and Finance, National Yang Ming Chiao Tung University, Hsinchu, Taiwan",Germany,Department of Economics and Finance,"Department of Economics and Finance, Bucharest University of Economic Studies",School of Business and Economics,"School of Business and Economics, Humboldt University of Berlin",Department of Information Management and Finance,"Department of Information Management and Finance, National Yang Ming Chiao Tung University"
161,10.3390/bdcc8110143,"Innovative Sentiment Analysis and Prediction of Stock Price Using FinBERT, GPT-4 and Logistic Regression: A Data-Driven Approach",Olamilekan Shobayo,"Shobayo, Olamilekan, School of Computing and Digital Technologies, Sheffield Hallam University, Sheffield, United Kingdom",United Kingdom,School of Computing and Digital Technologies,"School of Computing and Digital Technologies, Sheffield Hallam University",,,,
161,10.3390/bdcc8110143,"Innovative Sentiment Analysis and Prediction of Stock Price Using FinBERT, GPT-4 and Logistic Regression: A Data-Driven Approach",Sidikat Adeyemi-Longe,"Adeyemi-Longe, Sidikat, School of Computing and Digital Technologies, Sheffield Hallam University, Sheffield, United Kingdom",United Kingdom,School of Computing and Digital Technologies,"School of Computing and Digital Technologies, Sheffield Hallam University",,,,
161,10.3390/bdcc8110143,"Innovative Sentiment Analysis and Prediction of Stock Price Using FinBERT, GPT-4 and Logistic Regression: A Data-Driven Approach",Olusogo Joshua Popoola,"Popoola, Olusogo Joshua, School of Computing and Digital Technologies, Sheffield Hallam University, Sheffield, United Kingdom",United Kingdom,School of Computing and Digital Technologies,"School of Computing and Digital Technologies, Sheffield Hallam University",,,,
161,10.3390/bdcc8110143,"Innovative Sentiment Analysis and Prediction of Stock Price Using FinBERT, GPT-4 and Logistic Regression: A Data-Driven Approach",Bayode Ogunleye,"Ogunleye, Bayode, Department of Mathematics and Computer Science, University of Brighton, Brighton, United Kingdom",United Kingdom,Department of Computing & Mathematics,"Department of Computing & Mathematics, University of Brighton",,,,
166,10.1080/15427560.2025.2538879,Intraday Stock Prediction Using Sentiment Analysis: Evidence from Dividend Announcements,Susana Alvarez-Diez,"Alvarez-Diez, Susana, Universidad de Murcia, Murcia, Spain",Spain,Faculty of Economics and Business,"Faculty of Economics and Business, Universidad de Murcia",,,,
166,10.1080/15427560.2025.2538879,Intraday Stock Prediction Using Sentiment Analysis: Evidence from Dividend Announcements,Juan Samuel Baixauli-Soler,"Baixauli-Soler, Juan Samuel, Universidad de Murcia, Murcia, Spain",Spain,Faculty of Economics and Business,"Faculty of Economics and Business, Universidad de Murcia",,,,
166,10.1080/15427560.2025.2538879,Intraday Stock Prediction Using Sentiment Analysis: Evidence from Dividend Announcements,Anna Kondratenko,"Kondratenko, Anna, Universidad de Murcia, Murcia, Spain",Spain,Faculty of Economics and Business,"Faculty of Economics and Business, Universidad de Murcia",,,,
166,10.1080/15427560.2025.2538879,Intraday Stock Prediction Using Sentiment Analysis: Evidence from Dividend Announcements,Gabriel Lozano-Reina,"Lozano-Reina, Gabriel, Universidad de Murcia, Murcia, Spain",Spain,Department of Business Organization and Finance,"Department of Business Organization and Finance, Universidad de Murcia",,,,
169,https://ieeexplore.ieee.org/stamp/stamp.jsp?arnumber=11108638,Investigating the Predictive Capabilities of Large Language Models in Day Trading by Leveraging Multimodal Data,Adam Horn,"IU International University of Applied Sciences, Germany",Germany,Unknown,IU International University of Applied Sciences,,,,
169,https://ieeexplore.ieee.org/stamp/stamp.jsp?arnumber=11108638,Investigating the Predictive Capabilities of Large Language Models in Day Trading by Leveraging Multimodal Data,Tim Schlippe,"IU International University of Applied Sciences, Germany",Germany,Professor of Artificial Intelligence,"Professor of Artificial Intelligence, IU International University of Applied Sciences",,,,
172,10.3390/math13030487,LLM-Augmented Linear Transformer–CNN for Enhanced Stock Price Prediction,Lei Zhou,"Zhou, Lei, Department of Computer Science, Auckland University of Technology, Auckland, New Zealand",New Zealand,Department of Computer Science,"Department of Computer Science, Auckland University of Technology",,,,
172,10.3390/math13030487,LLM-Augmented Linear Transformer–CNN for Enhanced Stock Price Prediction,Yuqi Zhang,"Zhang, Yuqi, Department of Computer Science, Auckland University of Technology, Auckland, New Zealand",New Zealand,Department of Computer Science,"Department of Computer Science, Auckland University of Technology",,,,
172,10.3390/math13030487,LLM-Augmented Linear Transformer–CNN for Enhanced Stock Price Prediction,Jian Yu,"Yu, Jian, Department of Computer Science, Auckland University of Technology, Auckland, New Zealand",New Zealand,Department of Computer Science,"Department of Computer Science, Auckland University of Technology",,,,
172,10.3390/math13030487,LLM-Augmented Linear Transformer–CNN for Enhanced Stock Price Prediction,Guiling Wang,"Wang, Guiling, School of Information Science and Technology, North China University of Technology, Beijing, China",China,School of Information Science and Technology,"School of Information Science and Technology, North China University of Technology",,,,
172,10.3390/math13030487,LLM-Augmented Linear Transformer–CNN for Enhanced Stock Price Prediction,Zhizhong Liu,"Liu, Zhizhong, School of Computer and Control Engineering, Yantai University, Yantai, China",China,School of Computer and Control Engineering,"School of Computer and Control Engineering, Yantai University",,,,
172,10.3390/math13030487,LLM-Augmented Linear Transformer–CNN for Enhanced Stock Price Prediction,Sira Yongchareon,"Yongchareon, Sira, Department of Computer Science, Auckland University of Technology, Auckland, New Zealand",New Zealand,Department of Computer Science,"Department of Computer Science, Auckland University of Technology",,,,
172,10.3390/math13030487,LLM-Augmented Linear Transformer–CNN for Enhanced Stock Price Prediction,Nancy Wang,"Wang, Nancy, Department of Computer Science, Auckland University of Technology, Auckland, New Zealand",New Zealand,Department of Computer Science,"Department of Computer Science, Auckland University of Technology",,,,
174,10.1109/IKT65497.2024.10892779,LLM-Driven Feature Extraction for Stock Market Prediction: A case study of Tehran Stock Exchange,Siavash Hosseinpour Saffarian,"Saffarian, Siavash Hosseinpour, College of Interdisciplinary Science and Technology, University of Tehran, Tehran, Iran",Iran,College of Interdisciplinary Science and Technology,"College of Interdisciplinary Science and Technology, University of Tehran",,,,
174,10.1109/IKT65497.2024.10892779,LLM-Driven Feature Extraction for Stock Market Prediction: A case study of Tehran Stock Exchange,Saman H. Haratizadeh,"Haratizadeh, Saman H., College of Interdisciplinary Science and Technology, University of Tehran, Tehran, Iran",Iran,College of Interdisciplinary Science and Technology,"College of Interdisciplinary Science and Technology, University of Tehran",,,,
175,2-s2.0-85209671545,LLM-Driven Knowledge Enhancement for Securities Index Prediction,Zaiyuan Di,"Di, Zaiyuan, Tongji University, Shanghai, China",China,Department of Computer Science and Technology,"Department of Computer Science and Technology, Tongji University",,,,
175,2-s2.0-85209671545,LLM-Driven Knowledge Enhancement for Securities Index Prediction,Jianting Chen,"Chen, Jianting, Tongji University, Shanghai, China",China,Department of Computer Science and Technology,"Department of Computer Science and Technology, Tongji University",,,,
175,2-s2.0-85209671545,LLM-Driven Knowledge Enhancement for Securities Index Prediction,Yunxiao Yang,"Yang, Yunxiao, Tongji University, Shanghai, China",China,Department of Computer Science and Technology,"Department of Computer Science and Technology, Tongji University",,,,
175,2-s2.0-85209671545,LLM-Driven Knowledge Enhancement for Securities Index Prediction,Ling Ding,"Ding, Ling, Tongji University, Shanghai, China",China,Department of Computer Science and Technology,"Department of Computer Science and Technology, Tongji University",,,,
175,2-s2.0-85209671545,LLM-Driven Knowledge Enhancement for Securities Index Prediction,Yang Xiang,"Xiang, Yang, Tongji University, Shanghai, China",China,School of Computer Science and Technology,"School of Computer Science and Technology, Tongji University",,,,
176,WOS:001540598500049,LLM-Driven Stock Prediction: Capturing Market Trends with LLaMA,Rahul Tak,,Romania,"Faculty of Economic Cybernetics, Statistics and Computer Science","Faculty of Economic Cybernetics, Statistics and Computer Science, Bucharest University of Economic Studies",,,,
176,WOS:001540598500049,LLM-Driven Stock Prediction: Capturing Market Trends with LLaMA,Daniel Traian Pele,,Romania,Institute for Economic Forecasting,"Institute for Economic Forecasting, Bucharest University of Economic Studies",,,,
180,10.18653/v1/2024.findings-acl.185,LLMFactor: Extracting Profitable Factors through Prompts for Explainable Stock Movement Prediction,Meiyun Wang,"Wang, Meiyun, The University of Tokyo, Tokyo, Japan",Japan,Department of Systems Innovations,"Department of Systems Innovations, School of Engineering, The University of Tokyo",,,,
180,10.18653/v1/2024.findings-acl.185,LLMFactor: Extracting Profitable Factors through Prompts for Explainable Stock Movement Prediction,Kiyoshi Izumi,"Izumi, Kiyoshi, The University of Tokyo, Tokyo, Japan",Japan,Department of Systems Innovations,"Department of Systems Innovations, School of Engineering, The University of Tokyo",,,,
180,10.18653/v1/2024.findings-acl.185,LLMFactor: Extracting Profitable Factors through Prompts for Explainable Stock Movement Prediction,Hiroki Sakaji,"Sakaji, Hiroki, Hokkaido University, Sapporo, Japan",Japan,Faculty of Electronic and Information Engineering,"Faculty of Electronic and Information Engineering, Hokkaido University",,,,
181,10.1007/978-3-031-66336-9_31,Language as a Lens: A Hybrid Text Summarization and Sentiment Analysis Approach for Multiclass Stock Return Prediction,Farshid Balaneji,"Balaneji, Farshid, Faculty of Business and Economics, Universität Basel, Basel, Switzerland",Switzerland,Faculty of Business and Economics,"Faculty of Business and Economics, Universität Basel,",,,,
193,10.1145/3589334.3645611,Learning to Generate Explainable Stock Predictions using Self-Reflective Large Language Models,Kelvin J.L. Koa,"Koa, Kelvin J.L., National University of Singapore, Singapore City, Singapore",Singapore,School of Computing and Information Systems,"School of Computing and Information Systems, National University of Singapore",,,,
193,10.1145/3589334.3645611,Learning to Generate Explainable Stock Predictions using Self-Reflective Large Language Models,Yunshan Ma,"Ma, Yunshan, National University of Singapore, Singapore City, Singapore",Singapore,School of Computing and Information Systems,"School of Computing and Information Systems, National University of Singapore",,,,
193,10.1145/3589334.3645611,Learning to Generate Explainable Stock Predictions using Self-Reflective Large Language Models,Ritchie Ng,"Ng, Ritchie, Eastspring Investments, Singapore City, Singapore",Singapore,"Head of Data & AI,","Head of Data & AI, Eastspring Investments",,,,
193,10.1145/3589334.3645611,Learning to Generate Explainable Stock Predictions using Self-Reflective Large Language Models,Tat Seng Chua,"Chua, Tat Seng, National University of Singapore, Singapore City, Singapore",Singapore,School of Computing and Information Systems,"School of Computing and Information Systems, National University of Singapore",,,,
198,https://ieeexplore.ieee.org/stamp/stamp.jsp?arnumber=10825362,Leveraging Large Language Models for Institutional Portfolio Management: Persona-Based Ensembles,Yoshia Abe,"Graduate School of Information Science and Technology, The University of Tokyo, Tokyo, Japan",Japan,Graduate School of Information Science and Technology,"Graduate School of Information Science and Technology, The University of Tokyo",,,,
198,https://ieeexplore.ieee.org/stamp/stamp.jsp?arnumber=10825362,Leveraging Large Language Models for Institutional Portfolio Management: Persona-Based Ensembles,Shuhei Matsuo,"Graduate School of Information Science and Technology, The University of Tokyo, Tokyo, Japan",Japan,Graduate School of Information Science and Technology,"Graduate School of Information Science and Technology, The University of Tokyo",,,,
198,https://ieeexplore.ieee.org/stamp/stamp.jsp?arnumber=10825362,Leveraging Large Language Models for Institutional Portfolio Management: Persona-Based Ensembles,Ryoma Kondo,"Graduate School of Information Science and Technology, The University of Tokyo The Canon Institute for Global Studies, Tokyo, Japan",Japan,Graduate School of Information Science and Technology,"Graduate School of Information Science and Technology, The University of Tokyo",,,,
198,https://ieeexplore.ieee.org/stamp/stamp.jsp?arnumber=10825362,Leveraging Large Language Models for Institutional Portfolio Management: Persona-Based Ensembles,Ryohei Hisano,"Graduate School of Information Science and Technology, The University of Tokyo The Canon Institute for Global Studies, Tokyo, Japan",Japan,Graduate School of Information Science and Technology,"Graduate School of Information Science and Technology, The University of Tokyo",,,,
199,10.1109/ICDMW65004.2024.00019,Leveraging Large Language Models for Predicting Stock Option Valuation and Financial Risk Mitigation,Lester David Dsouza,"Dsouza, Lester David, School of Computer Science, University of Galway, Galway, Ireland",Ireland,School of Computer Science,"School of Computer Science, University of Galway",,,,
199,10.1109/ICDMW65004.2024.00019,Leveraging Large Language Models for Predicting Stock Option Valuation and Financial Risk Mitigation,Jamal Abdul Nasir,"Nasir, Jamal Abdul, School of Computer Science, University of Galway, Galway, Ireland",Ireland,School of Computer Science,"School of Computer Science, University of Galway",,,,
199,10.1109/ICDMW65004.2024.00019,Leveraging Large Language Models for Predicting Stock Option Valuation and Financial Risk Mitigation,Muhammad Mohsin Kamal,"Kamal, Muhammad Mohsin, NLP Research Centre, Knowledge Platform (Private) Limited, Islamabad, Pakistan",Pakistan,NLP Research Centre,"NLP Research Centre, Knowledge Platform",,,,
199,10.1109/ICDMW65004.2024.00019,Leveraging Large Language Models for Predicting Stock Option Valuation and Financial Risk Mitigation,Lena Yuryna Connolly,"Connolly, Lena Yuryna, College of Technological Innovation, Zayed University, Dubai, United Arab Emirates",United Arab Emirates,College of Technological Innovations,"College of Technological Innovations, Zayed University",,,,
205,10.1109/ICAISISAS64483.2025.11051550,Machine Learning Approaches to Picking A-Shares Stocks: A Comparative Analysis,Wenjun Wu,"Wu, Wenjun, The Hong Kong Polytechnic University, Hong Kong, Hong Kong",China,Department of Computing,"Department of Computing, The Hong Kong Polytechnic University",,,,
205,10.1109/ICAISISAS64483.2025.11051550,Machine Learning Approaches to Picking A-Shares Stocks: A Comparative Analysis,Jia You,"You, Jia, Department of Industrial and Systems Engineering, The Hong Kong Polytechnic University, Hong Kong, Hong Kong",China,Department of Industrial and Systems Engineering,"Department of Industrial and Systems Engineering, The Hong Kong Polytechnic University",,,,
211,10.1117/12.3071166,Modality-aligned fine-tuning of large models for stock prediction,Luncong Zhang,"Zhang, Luncong, City University of Hong Kong, Hong Kong, Hong Kong",China,Department of Computer Science,"Department of Computer Science, City University of Hong Kong",,,,
215,10.5220/0013174500003890,Multimodal Stock Price Prediction,Furkan Karadaş,"Karadaş, Furkan, Department of Computer Engineering, TOBB University of Economics and Technology, Ankara, Turkey",Turkey,Department of Computer Engineering,"Department of Computer Engineering, TOBB University of Economics and Technology",,,,
215,10.5220/0013174500003890,Multimodal Stock Price Prediction,Bahaeddin Eravci,"Eravci, Bahaeddin, Department of Artificial Intelligence Engineering, TOBB University of Economics and Technology, Ankara, Turkey",Turkey,Department of Artificial Intelligence Engineering,"Department of Artificial Intelligence Engineering, TOBB University of Economics and Technology",,,,
215,10.5220/0013174500003890,Multimodal Stock Price Prediction,Ahmet Murat Ozbayoglu,"Ozbayoglu, A. Murat, Department of Artificial Intelligence Engineering, TOBB University of Economics and Technology, Ankara, Turkey",Turkey,Department of Artificial Intelligence Engineering,"Department of Artificial Intelligence Engineering, TOBB University of Economics and Technology",,,,
227,https://ieeexplore.ieee.org/stamp/stamp.jsp?arnumber=10981791,Pleno-Alignment Framework for Stock Trend Prediction,Yongcan Luo,"Department of Computer Science, City University of Hong Kong, Hong Kong, SAR, China",China,Department of Computer Science,"Department of Computer Science, City University of Hong Kong",,,,
227,https://ieeexplore.ieee.org/stamp/stamp.jsp?arnumber=10981791,Pleno-Alignment Framework for Stock Trend Prediction,Jiahao Zheng,"Department of Computer Science, City University of Hong Kong, Hong Kong, SAR, China",China,Department of Computer Science,"Department of Computer Science, City University of Hong Kong",,,,
227,https://ieeexplore.ieee.org/stamp/stamp.jsp?arnumber=10981791,Pleno-Alignment Framework for Stock Trend Prediction,Zhengjie Yang,"Department of Computer Science, City University of Hong Kong, Hong Kong, SAR, China",China,Department of Computer Science,"Department of Computer Science, City University of Hong Kong",,,,
227,https://ieeexplore.ieee.org/stamp/stamp.jsp?arnumber=10981791,Pleno-Alignment Framework for Stock Trend Prediction,Ning Chen,"Department of Computer Science, City University of Hong Kong, Hong Kong, SAR, China",China,Department of Computer Science,"Department of Computer Science, City University of Hong Kong",,,,
227,https://ieeexplore.ieee.org/stamp/stamp.jsp?arnumber=10981791,Pleno-Alignment Framework for Stock Trend Prediction,Dapeng Wu,"Department of Computer Science, City University of Hong Kong, Hong Kong, SAR, China",China,Department of Computer Science,"Department of Computer Science, City University of Hong Kong",,,,
232,2-s2.0-85216409938,Prediction of Foreign Exchange Rates by a Large Language Model,Kexin Peng,"Peng, Kexin, Kyoto Institute of Technology, Kyoto, Japan",Japan,Engineering Design,"Engineering Design, Kyoto Institute of Technology",,,,
232,2-s2.0-85216409938,Prediction of Foreign Exchange Rates by a Large Language Model,Hitoshi Iima,"Iima, Hitoshi, Kyoto Institute of Technology, Kyoto, Japan",Japan,Faculty of Information and Human Sciences,"Faculty of Information and Human Sciences, Kyoto Institute of Technology",,,,
232,2-s2.0-85216409938,Prediction of Foreign Exchange Rates by a Large Language Model,Yoshihiro Kitamura,"Kitamura, Yoshihiro, Waseda University, Tokyo, Japan",Japan,Faculty of Social Sciences,"Faculty of Social Sciences, Waseda University",,,,
235,10.1109/ICCSP64183.2025.11088423,Prophetic markets: Multi-modal deep learning redefines stock market predictions,Hritish Chidambaram,"Chidambaram, Hritish, Amrita University, Amritapuri Campus, Kollam, India",India,Department of Computer Science and Engineering,Department of Computer Science and Engineering Amrita School of Computing,,,,
235,10.1109/ICCSP64183.2025.11088423,Prophetic markets: Multi-modal deep learning redefines stock market predictions,Jagruthi Gontu,"Gontu, Jagruthi, Amrita University, Amritapuri Campus, Kollam, India",India,Department of Computer Science and Engineering,Department of Computer Science and Engineering Amrita School of Computing,,,,
235,10.1109/ICCSP64183.2025.11088423,Prophetic markets: Multi-modal deep learning redefines stock market predictions,Sarishma Athmakuri,"Athmakuri, Sarishma, Amrita University, Amritapuri Campus, Kollam, India",India,Department of Computer Science and Engineering,Department of Computer Science and Engineering Amrita School of Computing,,,,
235,10.1109/ICCSP64183.2025.11088423,Prophetic markets: Multi-modal deep learning redefines stock market predictions,J. Swaminathan,"Swaminathan, J., Amrita University, Amritapuri Campus, Kollam, India",India,Department of Computer Science and Engineering,Department of Computer Science and Engineering Amrita School of Computing,,,,
242,10.1109/CSNT64827.2025.10967744,Recommender Systems for Sector-Specific Stock Analysis,Jay Mintu Shah,"Shah, Jay Mintu, Department of Computer Science and Engineering, PES University, Bengaluru, India",India,Department of Computer Science and Engineering,"Department of Computer Science and Engineering, PES University",,,,
242,10.1109/CSNT64827.2025.10967744,Recommender Systems for Sector-Specific Stock Analysis,Avani Dhagam,"Dhagam, Avani, Department of Computer Science and Engineering, PES University, Bengaluru, India",India,Department of Computer Science and Engineering,"Department of Computer Science and Engineering, PES University",,,,
242,10.1109/CSNT64827.2025.10967744,Recommender Systems for Sector-Specific Stock Analysis,Aryan Wadhwa,"Wadhwa, Aryan, Department of Computer Science and Engineering, PES University, Bengaluru, India",India,Department of Computer Science and Engineering,"Department of Computer Science and Engineering, PES University",,,,
242,10.1109/CSNT64827.2025.10967744,Recommender Systems for Sector-Specific Stock Analysis,Aravalli Atchuta Ram,"Ram, Aravalli Atchuta, Department of Computer Science and Engineering, PES University, Bengaluru, India",India,Department of Computer Science and Engineering,"Department of Computer Science and Engineering, PES University",,,,
242,10.1109/CSNT64827.2025.10967744,Recommender Systems for Sector-Specific Stock Analysis,R. Bharathi,"Bharathi, R., Department of Computer Science and Engineering, PES University, Bengaluru, India",India,Department of Computer Science and Engineering,"Department of Computer Science and Engineering, PES University",,,,
248,10.1007/978-3-031-72393-3_5,SARF: Stock Market Prediction with Sentiment-Augmented Random Forest,Saber Talazadeh,"Talazadeh, Saber, Department of Computing, British Columbia Institute of Technology, Burnaby, Canada",Canada,Computer Department,"Computer Department, British Columbia Institute of Technology",,,,
248,10.1007/978-3-031-72393-3_5,SARF: Stock Market Prediction with Sentiment-Augmented Random Forest,Dragan Peraković,"Peraković, Dragan, University of Zagreb, Faculty of Transport and Traffic Sciences, Zagreb, Croatia",Croatia,Faculty of Transport and Traffic Sciences,"Faculty of Transport and Traffic Sciences, University of Zagreb",,,,
253,10.1109/ICDMW65004.2024.00021,Sentiment Score of Bloomberg Market Wraps with ChatGPT,Baptiste Lefort,"Lefort, Baptiste, Ai for Alpha, Alpha, France",France,AI for Alpha and CentraleSupelec,AI for Alpha and CentraleSupelec,,,,
253,10.1109/ICDMW65004.2024.00021,Sentiment Score of Bloomberg Market Wraps with ChatGPT,Eric Benhamou,"Benhamou, Eric, Ai For Alpha, Paris, France",France,AI for Alpha,AI for Alpha,,,,
253,10.1109/ICDMW65004.2024.00021,Sentiment Score of Bloomberg Market Wraps with ChatGPT,Jean Jacques Ohana,"Ohana, Jean Jacques, Ai For Alpha, Paris, France",France,AI for Alpha,AI for Alpha,,,,
253,10.1109/ICDMW65004.2024.00021,Sentiment Score of Bloomberg Market Wraps with ChatGPT,Beatrice Guez,"Guez, Beatrice, Ai For Alpha, Paris, France",France,AI for Alpha,AI for Alpha,,,,
253,10.1109/ICDMW65004.2024.00021,Sentiment Score of Bloomberg Market Wraps with ChatGPT,David Saltiel,"Saltiel, David, Ai For Alpha, Paris, France",France,AI for Alpha,AI for Alpha,,,,
254,10.1016/j.frl.2024.105227,Sentiment trading with large language models,Kemal Kirtac,"Kirtac, Kemal, UCL Engineering, London, United Kingdom",United Kingdom,Department of Computer Science,"Department of Computer Science, University College London",,,,
254,10.1016/j.frl.2024.105227,Sentiment trading with large language models,Guido Germano,"Germano, Guido, UCL Engineering, London, United Kingdom, Systemic Risk Centre, London, United Kingdom",United Kingdom,Department of Computer Science,"Department of Computer Science, University College London",School of Economics and Political Science,"Systemic Risk Centre, London School of Economics and Political Science",,
269,10.1007/978-981-96-7178-6_2,Stock Trend Prediction Based on Complex Network and Sentiment Analysis,Maoguang Wang,"Wang, Maoguang, School of Information, Central University of Finance and Economics, Beijing, China, Engineering Research Center of State Financial Security, Ministry of Education of the People's Republic of China, Beijing, China",China,School of Information,"School of Information, Central University of Finance and Economics",,,,
269,10.1007/978-981-96-7178-6_2,Stock Trend Prediction Based on Complex Network and Sentiment Analysis,Jiabei He,"He, Jiabei, School of Information, Central University of Finance and Economics, Beijing, China",China,School of Information,"School of Information, Central University of Finance and Economics",,,,
283,10.1109/ICADEIS65852.2025.10933431,The Effect of News Sentiment on Jakarta Composite Index Prediction Using Support Vector Regression Method,Widha Dwiyanti,"Dwiyanti, Widha, Telkom University, Bandung, Indonesia",Indonesia,School of Computing,"School of Computing, Telkom University",,,,
283,10.1109/ICADEIS65852.2025.10933431,The Effect of News Sentiment on Jakarta Composite Index Prediction Using Support Vector Regression Method,Narita Aquarini,"Aquarini, Narita, E'Cole Doctorale Science Economics, La Rochelle, France",France,Doctoral School of Economic Sciences,"Doctoral School of Economic Sciences, Université de Poitiers Intervenant Finance",,,,
283,10.1109/ICADEIS65852.2025.10933431,The Effect of News Sentiment on Jakarta Composite Index Prediction Using Support Vector Regression Method,Putu Harry Gunawan,"Gunawan, Putu Harry, Telkom University, Bandung, Indonesia",Indonesia,School of Computing,"School of Computing, Telkom University",,,,
287,10.1109/ICICYTA64807.2024.10913442,The Role of News Sentiment in Predicting the Jakarta Composite Index Using Long Short-Term Memory,Zadosaadi Brahmantio Purwanto,"Purwanto, Zadosaadi Brahmantio, Telkom University, Bandung, Indonesia",Indonesia,School of Computing,"School of Computing, Telkom University",,,,
287,10.1109/ICICYTA64807.2024.10913442,The Role of News Sentiment in Predicting the Jakarta Composite Index Using Long Short-Term Memory,Narita Aquarini,"Aquarini, Narita, École Doctorale Science Economics, Université de Poitiers, Poitiers, France",France,Doctoral School of Economic Sciences,Ecole Doctorale Science Economics Université de Poitiers Intervenant Finance,,,,
287,10.1109/ICICYTA64807.2024.10913442,The Role of News Sentiment in Predicting the Jakarta Composite Index Using Long Short-Term Memory,Indwiarti Indwiarti,"Indwiarti, Indwiarti, Telkom University, Bandung, Indonesia",Indonesia,School of Computing,"School of Computing, Telkom University",,,,
287,10.1109/ICICYTA64807.2024.10913442,The Role of News Sentiment in Predicting the Jakarta Composite Index Using Long Short-Term Memory,Putu Harry Gunawan,"Gunawan, Putu Harry, Telkom University, Bandung, Indonesia",Indonesia,School of Computing,"School of Computing, Telkom University",,,,
292,10.1186/s40854-025-00789-6,The power of ChatGPT in processing text: Evidence from analysis and prediction in the exchange rate markets,Kun Yang,"Yang, Kun, School of Economics, Yunnan University of Finance and Economics, Kunming, China, State Key Laboratory of Mathematical Sciences, Academy of Mathematics and System Sciences Chinese Academy of Sciences, Beijing, China",China,School of Economics,"School of Economics,
Yunnan University
of Finance and Economics",Academy of Mathematics and Systems Science,"State Key Laboratory
of Mathematical Sciences,
Academy of Mathematics
and Systems Science, Chinese
Academy of Sciences",,
292,10.1186/s40854-025-00789-6,The power of ChatGPT in processing text: Evidence from analysis and prediction in the exchange rate markets,Ruxin Deng,"Deng, Ruxin, School of Economics and Management, University of Chinese Academy of Sciences, Beijing, China",China,School of Economics and Management,"School of Economics and Management, University of Chinese Academy of Sciences",,,,
292,10.1186/s40854-025-00789-6,The power of ChatGPT in processing text: Evidence from analysis and prediction in the exchange rate markets,Yunjie Wei,"Wei, Yunjie, State Key Laboratory of Mathematical Sciences, Academy of Mathematics and System Sciences Chinese Academy of Sciences, Beijing, China, School of Economics and Management, University of Chinese Academy of Sciences, Beijing, China, Center for Forecasting Science, Academy of Mathematics and System Sciences Chinese Academy of Sciences, Beijing, China",China,Academy of Mathematics and Systems Science,"State Key Laboratory
of Mathematical Sciences,
Academy of Mathematics
and Systems Science, Chinese
Academy of Sciences",School of Economics and Management,"School of Economics
and Management, University
of Chinese Academy of Sciences",Academy of Mathematics and Systems Science,"Center for Forecasting Science,
Academy of Mathematics
and Systems Science, Chinese
Academy of Sciences"
292,10.1186/s40854-025-00789-6,The power of ChatGPT in processing text: Evidence from analysis and prediction in the exchange rate markets,Shouyang Wang,"Wang, Shouyang, State Key Laboratory of Mathematical Sciences, Academy of Mathematics and System Sciences Chinese Academy of Sciences, Beijing, China, School of Economics and Management, University of Chinese Academy of Sciences, Beijing, China, Center for Forecasting Science, Academy of Mathematics and System Sciences Chinese Academy of Sciences, Beijing, China",China,Academy of Mathematics and Systems Science,"State Key Laboratory
of Mathematical Sciences,
Academy of Mathematics
and Systems Science, Chinese
Academy of Sciences",School of Economics and Management,"School of Economics
and Management, University
of Chinese Academy of Sciences",Academy of Mathematics and Systems Science,"Center for Forecasting Science,
Academy of Mathematics
and Systems Science, Chinese
Academy of Sciences"
303,WOS:001221698100004,Transforming sentiment analysis in the financial domain with ChatGPT,Georgios Fatouros,,Greece,Department of Digital Systems,"Department of Digital Systems, University of Piraeus",,,,
303,WOS:001221698100004,Transforming sentiment analysis in the financial domain with ChatGPT,John Soldatos,,Cyprus,Innov-Acts Limited,Innov-Acts Limited,,,,
303,WOS:001221698100004,Transforming sentiment analysis in the financial domain with ChatGPT,Kalliopi Kouroumali,,Greece,Hellenic Telecommunications Organisation S.A,Hellenic Telecommunications Organisation S.A,,,,
303,WOS:001221698100004,Transforming sentiment analysis in the financial domain with ChatGPT,Georgios Makridis,,Greece,Department of Digital Systems,"Department of Digital Systems, University of Piraeus",,,,
303,WOS:001221698100004,Transforming sentiment analysis in the financial domain with ChatGPT,Dimosthenis Kyriazis,,Greece,Department of Digital Systems,"Department of Digital Systems, University of Piraeus",,,,